time_s,true_x_m,true_y_m,true_velocity_mps,true_heading_rad,gps_x_m,gps_y_m,lidar_x_m,lidar_y_m,velocity_measurement_mps,heading_measurement_rad,gps_error_x_m,gps_error_y_m,lidar_error_x_m,lidar_error_y_m
0.0,0.0,0.0,1.28,0.04,0.3891713905035798,-0.11619225419736165,-0.18695526228728288,0.00024334802093876895,1.3686200596653344,0.05762040225030768,0.3891713905035798,-0.11619225419736165,-0.18695526228728288,0.00024334802093876895
0.1,0.12789761365260519,0.005118634775889173,1.28449875700602,0.04179977680044604,-0.1271704270851278,0.3057392365503871,0.14799418702093323,0.06744734907468973,1.2119594077070743,0.05579556117820752,-0.255068040737733,0.3006206017744979,0.02009657336832803,0.06232871429880056
0.2,0.2562352905089771,0.010486247523617553,1.2889940561593005,0.04359893441211314,0.28385135453242866,0.16024962081354632,0.49561374939301317,0.41871031032044326,1.1654252951264632,0.037359449998760265,0.02761606402345155,0.14976337328992878,0.2393784588840361,0.4082240627968257
0.30000000000000004,0.3850122052114928,0.016104343984257745,1.293484440125276,0.04539721368651536,-0.05978867624352746,0.13752695141414303,0.0938685744209713,-0.08250359534517349,1.3498012749187078,0.0626462589256232,-0.4448008814550203,0.12142260742988528,-0.2911436307905215,-0.09860793932943124
0.4,0.5142273845560218,0.02197438618369734,1.2979684525639072,0.047194355553047324,0.9152325312507654,0.474460242246935,0.07291373594715894,0.3982945452604484,1.2638333058902844,0.06371481794075913,0.40100514669474363,0.45248585606323766,-0.44131364860886285,0.37632015907675104
0.5,0.6438797079162218,0.028097790940330863,1.302444638601559,0.048990101056291056,0.7815339621608043,-0.20935953827815526,1.0275459773005755,0.20462588782520755,1.397424405785837,0.06011529632844148,0.13765425424458244,-0.2374573292184861,0.3836662693843537,0.1765280968848767
0.6000000000000001,0.7739679077229327,0.03447592838544194,1.306911545302421,0.050784191393306644,1.2024849572512726,0.14282343533793876,0.8047584428989882,-0.06605361783373265,1.3347509411067389,0.11644907673188003,0.42851704952833986,0.10834750695249681,0.030790535176055542,-0.10052954621917458
0.7000000000000001,0.9044905699983623,0.04111012049765502,1.3113677221393112,0.052576367950901357,1.7717633334661176,-0.2543316155787376,1.4135630026534058,0.5039491415190633,1.2817155903213784,0.05059401591273936,0.8672727634677553,-0.2954417360763926,0.5090724326550436,0.46283902102140834
0.8,1.0354461349447301,0.04800163965282715,1.3158117214637188,0.054366372342871935,0.8352507208090497,0.3417386042313648,1.4663347309083274,0.07115563095222106,1.2994524355320964,0.04976549123941305,-0.2001954141356804,0.29373696457853765,0.4308885959635972,0.02315399129939391
0.9,1.166832897587001,0.05515170719074024,1.3202420989749242,0.056153946447214595,1.1450564283508606,0.4249824196161146,1.2386252250052332,0.4442664997749106,1.3765028107528101,0.04034491783077419,-0.021776469236140433,0.36983071242537435,0.07179232741823222,0.38911479258417037
1.0,1.2986490084693147,0.06256149199994303,1.3246574141880534,0.05793883244329741,1.7344024018584454,-0.2210466129480549,1.460273155505773,0.26586833693970335,1.4931497611650915,0.09033121815983894,0.43575339338913055,-0.28360810494799793,0.16162414703645828,0.2033068449397603
1.1,1.430892474404685,0.07023210912207922,1.3290562309009089,0.05972077284898976,2.4592803186259777,0.18858680194757121,1.8197428548542565,0.2632529248949522,1.4733610816172276,0.0169066811851862,1.0283878442212928,0.11835469282549199,0.38885038044957143,0.19302081577287303
1.2000000000000002,1.563561159277512,0.07816461837702428,1.33343711765943,0.0614995105577435,0.796473149940429,-0.44301817258105014,2.0240547330889256,-0.0765934742564555,1.2308931774918506,0.059869220978009764,-0.7670880093370831,-0.5211827909580744,0.46049357381141365,-0.15475809263347978
1.3,1.6966527848984294,0.08636002301013822,1.3377986482216258,0.06327478887562041,2.7162647165055462,0.622051217181084,1.6912224941405123,0.10962931652217783,1.2887754374782436,0.06591579623224081,1.019611931607117,0.5356911941709458,-0.005430290757917119,0.023269293512039612
1.4000000000000001,1.830164931910967,0.0948192683629254,1.3421394020198394,0.06504635155826072,2.148099094203544,0.01743551805008428,1.3681910878044707,-0.12973270253844318,1.290764774404451,0.027463769863638604,0.3179341622925768,-0.07738375031284112,-0.4619738441064961,-0.22455197090136858
1.5,1.9640950407494961,0.10354324056837434,1.3464579646211843,0.06681394284778733,2.5030080190779147,-0.048450973151208845,2.325854234489117,0.0016621475653770673,1.3634412134063976,0.0674651258825303,0.5389129783284183,-0.1519942137195832,0.36175919373962095,-0.10188109300299727
1.6,2.098440412647887,0.11253276527223197,1.3507529281860118,0.0685773075096404,2.6918081658599,-0.5103020925336794,1.61335117970363,-0.3126055909632116,1.367317595326432,-0.0012342225776281052,0.5933677532120132,-0.6228348578059114,-0.48508923294425715,-0.4251383562354436
1.7000000000000002,2.233198210698285,0.1217886063814463,1.355022891924253,0.07033619086933705,2.9463564975841896,0.3272183943708139,2.1022294052492425,0.23450767035237186,1.3674856562317936,0.06388421594712705,0.7131582868859049,0.20542978798936762,-0.1309688054490423,0.11271906397092556
1.8,2.368365460959386,0.13131146484099068,1.3592664625494966,0.07209033884915075,1.8423862709812946,0.09026904088638793,2.565850454410745,0.03481653162752013,1.5235186966291545,0.051108536070096994,-0.5259791899780913,-0.04104242395460275,0.19748499345135917,-0.09649493321347055
1.9000000000000001,2.503939053613567,0.14110197744025987,1.3634822547306455,0.07383949800470538,1.207825652733708,0.0824739615582612,3.008528034508044,0.3928528324290343,1.372455248625644,0.09051342472550994,-1.296113400879859,-0.058628015881998674,0.5045889808944772,0.2517508549887744
2.0,2.639915744172197,0.15116071565020472,1.3676688915410147,0.07558341556147835,3.572512502048946,0.9128168863490993,2.106755149890695,-0.2624624396340855,1.3326323398208713,0.06898560520041556,0.932596757876749,0.7616561706988946,-0.5331605942815021,-0.4136231552842902
2.1,2.7762921547284396,0.16148818449234806,1.3718250049047191,0.07732183945120787,2.1787930669428563,-0.03628321467994103,2.5749205509576094,-0.1382085387855698,1.3651502204151305,0.08524398145091787,-0.5974990877855834,-0.1977713991722891,-0.20137160377083,-0.29969672327791785
2.2,2.9130647752568226,0.17208482144079773,1.37594923604021,0.07905451834819877,4.031489759468927,0.5725288017555408,2.7053193158869933,0.0075548209804767175,1.345656702621864,0.08611488965132891,1.1184249842121043,0.40044398031474304,-0.20774545936982936,-0.164530000460321
2.3000000000000003,3.0502299649588385,0.1829509953583469,1.380040235900813,0.08078120170552203,3.4313499651114006,0.5736216811145758,2.484631311918058,0.14233096533606412,1.3626825144751447,0.1402614321320956,0.3811200001525623,0.3906706857562289,-0.5655986530407804,-0.04062003002228279
2.4000000000000004,3.187783953653807,0.1940870054677231,1.3840966656121292,0.08250163979110237,2.404379862188607,0.11399994441722719,3.0028213363788123,0.7822634095909994,1.4927606697159486,0.07643405272780625,-0.7834040914651996,-0.0800870610504959,-0.1849626172749949,0.5881764041232763
2.5,3.325722843214222,0.20549308035901911,1.3881171969061539,0.08421558372368923,3.7396987189337025,0.8295839995048517,3.7145267775473765,-0.09655214001320259,1.4232912519751753,0.08701436333985918,0.4139758757194806,0.6240909191458326,0.38880393433315463,-0.3020452203722217
2.6,3.4640426090447662,0.21716937703430916,1.3921005125519745,0.08592278550870541,3.250074163756792,0.6147547064227991,3.5900752581707143,0.01912022997777091,1.204082998252649,0.07660021031022483,-0.2139684452879746,0.3975853293884899,0.12603264912594792,-0.19804914705653826
2.7,3.6027391016041808,0.2291159799904224,1.3960453067829075,0.08762299807396855,3.7308646637924614,0.39613621696171464,3.603841732478008,0.07106588925913557,1.5886553851455663,0.09518128721639442,0.1281255621882807,0.16702023697129226,0.0011026308738273788,-0.15805009073128684
2.8000000000000003,3.741808047969133,0.241332900340815,1.399950285719935,0.08931597530528032,3.8322996524011548,0.16775547606735752,3.8137974885093917,0.25648061295142,1.4464181725603222,0.11635212608349987,0.09049160443202175,-0.07357742427345748,0.07198944054025887,0.015147712610605019
2.9000000000000004,3.8812450534392284,0.25382007497744896,1.4038141677913054,0.09100147208187796,2.8577413207705242,0.1661636872322258,4.025861909193851,0.11046224752272149,1.2569474723345744,0.09716842729672447,-1.0235037326687042,-0.08765638774522316,0.14461685575462246,-0.14335782745472747
3.0,4.021045603182281,0.26657736577355273,1.4076356841481616,0.09267924431174326,4.094099002084785,-0.4203078153681148,3.9674508805572346,0.36147222894281894,1.3673673576455694,0.09840247591541802,0.07305339890250376,-0.6868851811416675,-0.05359472262504628,0.09489486316926624
3.1,4.161205063918944,0.2796045588281047,1.4114135790760614,0.0943490489667639,4.567400776740088,0.4879237347325024,4.3367435787620625,0.24485638737699608,1.3629717498756608,0.11746070403310027,0.4061957128211444,0.2083191759043977,0.17553851484311855,-0.03474817145110862
3.2,4.301718685645794,0.2929013637528454,1.4151466104022565,0.09601064411774186,4.361208750828873,-0.5751093063489299,4.355828747759567,-0.027764919171292646,1.4116323689697008,0.11409813526835935,0.05949006518308003,-0.8680106701017754,0.05411006211377349,-0.32066628292413807
3.3000000000000003,4.442581603395936,0.3064674130025888,1.4188335498986016,0.09766378896924424,4.2450158828714315,-0.3975577603480193,4.562987870020225,0.5393911267860569,1.3864664614695048,0.0659192033554214,-0.19756572052450513,-0.7040251733506081,0.12040626662428887,0.2329237137834682
3.4000000000000004,4.583788839036189,0.3203022612495666,1.4224731836799573,0.09930824389429109,5.079375068005118,1.0953414510522972,4.667976103019066,0.3052430386953013,1.2350970706579052,0.07570275902595078,0.4955862289689288,0.7750391898027305,0.08418726398287633,-0.015059222554265332
3.5,4.72533530309989,0.3344053848025035,1.426064312597962,0.10094377046887541,5.034352905952073,0.6421209402796195,3.942957417469578,-0.03884006369025789,1.3805676063357806,0.10499152702383292,0.3090176028521825,0.30771555547711604,-0.7823778856303123,-0.37324544849276137
3.6,4.867215796654367,0.34877618107108127,1.4296057526300443,0.1025701315063106,4.2268366532529384,0.2902968949311446,5.019085518145375,0.22852910551274047,1.5622669671555784,0.12565740252363852,-0.6403791434014285,-0.05847928613993669,0.1518697214910078,-0.12024707555834081
3.7,5.009425013202085,0.36341396807641485,1.4330963352635488,0.10418709109139977,5.804807954488417,0.43867155663940843,5.302846908683176,-0.2588285377255182,1.313070491888004,0.09598367857709848,0.7953829412863319,0.07525758856299358,0.2934218954810911,-0.6222425058019331
3.8000000000000003,5.1519575406144815,0.3783179840081214,1.4365349078748528,0.10579441461442282,5.478241719733021,0.7054156344729814,5.639836655952743,0.8155606434896683,1.5840138416743093,0.08357995459400232,0.32628417911854013,0.32709765046485995,0.48787911533826134,0.43724265948154695
3.9000000000000004,5.2948078630975,0.3934873868285265,1.4399203341033477,0.10739186880493565,4.939255848758379,0.7337909866812737,5.166050929172142,0.6165709865140092,1.3322307666706752,0.07963296937086212,-0.3555520143391203,0.3403035998527473,-0.12875693392535795,0.2230835996854827
4.0,5.437970363187804,0.40892125392451156,1.4432514942201675,0.10897922176537708,5.012483201338922,0.6374480814629123,5.485591138656494,0.6796378989284866,1.369545879440488,0.08193292482510822,-0.42548716184888213,0.22852682753840073,0.04762077546868944,0.270716645003975
4.1000000000000005,5.581439323778667,0.42461858180746453,1.4465272854915445,0.11055624300447857,5.819326176301004,0.3446228575113456,5.25775922506855,0.8966553171308905,1.4276860343185833,0.11483456356353476,0.2378868525223377,-0.07999572429611898,-0.3236800987101166,0.472036735323426
4.2,5.725208930174507,0.44057828586175846,1.4497466225366702,0.11212270347047168,6.7897576496878775,0.6212990503382055,6.226319083748457,0.8548363632087728,1.390053551032863,0.12994933580465726,1.064548719513371,0.18072076447644708,0.5011101535739505,0.4142580773470143
4.3,5.86927327217305,0.4567992001421393,1.4529084376799513,0.11367837558408894,7.053046813153232,0.6142501857367004,5.866651697522249,0.15030439031926301,1.4207679115704126,0.15821401821466735,1.183773540980182,0.15745098559456105,-0.002621574650801428,-0.3064948098228763
4.4,6.013626346174085,0.473280077220364,1.4560116812975437,0.11522303327135289,5.168749504589858,0.12062410927970968,5.638698121385442,0.5922514137134094,1.4913517376517682,0.09937208718930277,-0.844876841584227,-0.35265596794065435,-0.3749282247886435,0.11897133649304537
4.5,6.158262057313771,0.4900195880813887,1.4590553221580511,0.1167564519961489,6.192106787399967,0.4243380391238287,5.865655033341803,0.6168983747103888,1.4709627943791095,0.10488183960629457,0.03384473008619611,-0.06568154895755993,-0.29260702397196764,0.12687878662900012
4.6000000000000005,6.303174221623464,0.5070163220693646,1.462038347757281,0.1182784087925769,6.641864547394684,0.6170229604544052,6.228335230226959,0.9003385746101775,1.67365851046223,0.12716266795152312,0.3386903257712201,0.11000663838504059,-0.07483899139650496,0.39332225254081293
4.7,6.448356568212021,0.5242687868836584,1.4649597646469463,0.11978868229707758,6.134540026389666,-0.2090975423480863,6.660777794797873,0.6193877283781888,1.449499563211044,0.1604674662758263,-0.3138165418223549,-0.7333663292317447,0.21242122658585263,0.09511894149453032
4.800000000000001,6.593802741470541,0.5417754086250701,1.467818598757209,0.12128705278032825,7.190457814668143,0.3549947501491437,6.8161346959866345,0.531841744546155,1.512334365431887,0.1593160984342309,0.5966550731976024,-0.18678065847592643,0.22233195451609322,-0.009933664078915203
4.9,6.739506303298494,0.5595345318923813,1.4706138957129578,0.1227733021789035,6.410907915719845,1.7177665514407772,6.937381334534493,0.4192049041719018,1.4280264176131237,0.09723314115853689,-0.3285983875786497,1.158232019548396,0.19787503123599845,-0.14032962772047952
5.0,6.885460735350204,0.5775444199293236,1.4733447211437223,0.12424721412669698,5.43386387147116,0.8204081286009721,6.976186653309578,0.6581132091446352,1.346534891609739,0.12398497853696935,-1.4515968638790442,0.24286370867164853,0.09072591795937414,0.08056878921531163
5.1000000000000005,7.031659441300641,0.5958032548220141,1.4760101609871183,0.1257085739860987,8.09403884616681,0.4115392830590574,7.093055595070135,0.843468146185312,1.3863627694641794,0.15373062515644273,1.0623794048661694,-0.18426397176295672,0.061396153769494546,0.24766489136329786
5.2,7.178095749129485,0.6143091377468647,1.478609321785728,0.12715716887892398,6.866295808722436,-0.04088466882270192,7.479075550959208,0.5608500766617021,1.541542300533067,0.06468215268401295,-0.31179994040704906,-0.6551938065695666,0.3009798018297237,-0.0534590610851626
5.300000000000001,7.32476291342243,0.6330600892689269,1.4811413309773194,0.1285927877170898,7.461406146501139,-0.021059146147878738,7.185372097044565,0.6774388661407708,1.5382454120121105,0.11829569041204645,0.13664323307870976,-0.6541192354168056,-0.13939081637786446,0.04437877687184392
5.4,7.471654117688692,0.6520540496905954,1.4836053371783116,0.1300152212330333,6.869116349941296,0.26293367598056183,8.063971213289435,0.6846154143836745,1.4971180699405022,0.09149498938935308,-0.602537767747395,-0.3891203737100336,0.5923170956007436,0.03256136469307902
5.5,7.618762476693696,0.6712888794505485,1.4860005104603893,0.13142426200986895,7.246079701889471,1.9396721631595348,7.5917181618649385,0.3719358517795919,1.6078230718100848,0.09002701560818391,-0.37268277480422496,1.2683832837089863,-0.027044314828757895,-0.2993530276709566
5.6000000000000005,7.766081038805927,0.6907623595727629,1.4883260426201839,0.13281970451127956,7.9012318664164125,0.20082443655499022,8.18781662027687,0.3270096720727942,1.326241782320641,0.15461795146932442,0.13515082761048547,-0.48993792301777267,0.42173558147094214,-0.3637526874999687
5.7,7.913602788356917,0.7104721921654004,1.49058114744193,0.13420134511113666,8.186804701816959,1.478823760350564,7.7822030261239075,0.27117869237772696,1.4537447050266186,0.1782974786019277,0.27320191346004186,0.7683515681851637,-0.13139976223300895,-0.4392934997876734
5.800000000000001,8.061320648013377,0.7304160009693202,1.4927650609530088,0.1355689821228468,8.292236057190458,1.6373954840765426,7.812167770312307,0.9969600498424117,1.4820521557308435,0.1473148150574552,0.2309154091770817,0.9069794831072224,-0.2491528777010693,0.26654404887309147
5.9,8.209227481160466,0.7505913319559312,1.4948770416723047,0.13692241582841833,8.894167798633376,1.1743862699315644,8.080487327762258,1.0192730526875473,1.5252503484037756,0.11280649202811921,0.6849403174729094,0.4237949379756331,-0.12874015339820802,0.26868172073161617
6.0,8.357316094295204,0.7709956539740568,1.4969163708512851,0.1382614485072458,8.87764136468473,1.5308035651472438,8.51787868668425,0.5726178900490826,1.4043561706444185,0.15085255937086142,0.5203252703895253,0.759807911173187,0.16056259238904705,-0.1983777639249742
6.1000000000000005,8.505579239429045,0.7916263594454462,1.4988823527077313,0.13958588446460665,7.821266475459227,0.6118785057486011,8.84586453589956,0.886771027437955,1.5897132152699935,0.1473832311821907,-0.6843127639698178,-0.1797478536968451,0.34028529647051586,0.09514466799250873
6.2,8.654009616498653,0.8124807651085245,1.5007743146520414,0.1408955300598667,9.051899382495959,0.6135828727101943,8.020260211725855,0.9364834562313422,1.4387263425523098,0.1283028379177143,0.3978897659973061,-0.19889789239833025,-0.6337494047727981,0.12400269112281767
6.300000000000001,8.802599875783903,0.8335561128099341,1.5025916075060353,0.14219019373439074,9.313958913904605,0.34989336096550416,8.63144635727602,0.9920838753235456,1.5195193059498022,0.1446208830273973,0.5113590381207019,-0.48366275184443,-0.17115351850788166,0.15852776251361148
6.4,8.951342620332156,0.8548495703433836,1.5043336057141872,0.1434696860391529,9.254594607623606,1.5957374087743628,8.905095340178171,0.4124900776877702,1.452882268461515,0.16969491365454054,0.30325198729145053,0.7408878384309792,-0.04624728015398549,-0.4423594926556134
6.5,9.100230408387889,0.876358232335278,1.5059997075472191,0.1447338196620446,9.510548601874744,1.0093394491961625,8.93913071434716,0.5700652770912014,1.4154067293154107,0.1142309946392449,0.41031819348685444,0.13298121686088443,-0.16109969404072913,-0.3062929552440766
6.6000000000000005,9.24925575582673,0.8980791211765691,1.5075893352979899,0.14598240945487462,8.487698425161527,0.6104876475971521,9.437713793573872,1.0443330336573384,1.4530938528319262,0.11356331208409806,-0.7615573306652043,-0.28759147357941695,0.1884580377471405,0.1462539124807693
6.7,9.398411138593,0.9200091880002258,1.5091019354696147,0.14721527246005794,9.239176242407673,1.3360413883230735,8.470432016211905,0.40971467063231815,1.5793082255098596,0.14154116652207369,-0.1592348961853266,0.4160322003228476,-0.9279791223810943,-0.5102945173679077
6.800000000000001,9.54768899513985,0.9421453137036873,1.5105369789557543,0.14843222793699026,9.271860843253133,0.9514551103672841,9.437347841246499,0.564795915634717,1.4580367419816787,0.10508485624424538,-0.2758281518867165,0.009309796663596867,-0.11034115389335139,-0.3773493980689703
6.9,9.697081728871122,0.9644843100156258,1.5118939612130176,0.14963309738810268,9.342448839237045,1.48549801143698,9.47207594445329,0.8759675631038738,1.4122395382159298,0.16418033228798723,-0.3546328896340775,0.5210137014213542,-0.2250057844178333,-0.08851674691175201
7.0,9.846581710584049,0.987022920606312,1.5131724024254192,0.1508177045845948,9.461756792242713,-0.48626038515570535,9.929028146758373,0.7521646456826621,1.6274183584100343,0.1748714590995736,-0.38482491834133525,-1.4732833057620174,0.08244643617432415,-0.23485827492364994
7.1000000000000005,9.996181280911934,1.0097578222408354,1.5143718476608394,0.15198587559184093,8.77964675528723,0.7461546784128579,10.235687327091796,0.7955615570742388,1.5031743423453547,0.13770716645192738,-1.2165345256247033,-0.2636031438279776,0.23950604617986135,-0.21419626516659662
7.2,10.145872752765984,1.0326856259744066,1.5154918670194366,0.15313743879446645,10.189088083093798,1.4824094093968783,10.402497831284288,1.0121542851668006,1.4188888098162684,0.11586591063834167,0.043215330327815465,0.44972378342247166,0.25662507851830435,-0.02053134080760595
7.300000000000001,10.295648413775455,1.055802878388925,1.5165320557739637,0.154272224921091,11.101241096727644,1.6091930323721995,10.67580418357189,1.3045081250823298,1.6189976398813821,0.14060495827608385,0.8055926829521902,0.5533901539832743,0.3801557697964344,0.24870524669340477
7.4,10.445500528725303,1.0791060628699707,1.5174920345019416,0.15539006706873404,9.873190286860822,0.5943788604754559,9.990946252664068,1.2660122574133987,1.5276784222895943,0.14396283596703635,-0.572310241864481,-0.48472720239451483,-0.45455427606123455,0.186906194543428
7.5,10.595421341990546,1.1025916009233427,1.5183714492096498,0.1564908007268802,11.933093556533281,1.847274138133578,9.880264192376535,0.7838079941879073,1.3900355093734258,0.15022429571763654,1.3376722145427347,0.7446825372102353,-0.715157149614011,-0.31878360673543554
7.6000000000000005,10.745403079966565,1.1262558535302363,1.5191699714478912,0.1575742638012005,10.589552396609909,1.785524455994442,10.987043556309736,1.2474316903593607,1.362952095427819,0.18407373686179462,-0.1558506833566558,0.6592686024642058,0.2416404763431721,0.12117583682912443
7.7,10.89543795349457,1.1500951225401195,1.5198872984194953,0.15864029663692558,9.965683043011166,1.6906029201545438,10.949532570288286,1.406589761775585,1.426754866678244,0.12397617718497142,-0.9297549104834026,0.5405077976144244,0.05409461679371552,0.25649463923546545
7.800000000000001,11.045518160281496,1.1741056521003446,1.5205231530785228,0.1596887420418689,10.831118895431569,1.4451890593477397,10.952542934020716,0.9663737678911699,1.5386235657361809,0.1748288210361348,-0.214399264849927,0.271083407247395,-0.09297522626078053,-0.20773188420917466
7.9,11.195635887313607,1.1982836301214943,1.5210772842211433,0.16071944530909504,10.950766482823514,0.75695945883254,11.222547783848997,1.1126729378344427,1.5143407040829087,0.15442322843147083,-0.24486940449009262,-0.4413241712889543,0.026911896535390833,-0.08561069228705163
8.0,11.345783313263077,1.2226251897774398,1.5215494665681524,0.16173225423923093,10.597077410959574,2.188151209570601,12.045057651416863,1.5703179188701615,1.5092749165878807,0.17143976628171106,-0.7487059023035014,0.965526019793161,0.6992743381537859,0.34769272909272153
8.1,11.495952610886883,1.2471264110390612,1.5219395008391037,0.16272701916241625,11.663507425082447,1.6515444081973514,11.453917914759256,1.4182417735032915,1.4639750642635954,0.1565177485170677,0.16755481419556345,0.4044179971582902,-0.042034696127627634,0.17111536246423023
8.200000000000001,11.646135949417314,1.2717833222405497,1.5222472138180316,0.16370359295989018,11.498790745750563,1.6362174314775144,11.749745676164231,1.1555243186160815,1.573387494372254,0.16258714739919528,-0.14734520366675075,0.3644341092369648,0.10360972674691799,-0.11625900362446817
8.3,11.796325496943442,1.296591901677193,1.5224724584107427,0.16466183108521093,11.936424506162316,2.120309538460622,11.368082958984912,1.4465214734222687,1.5385793018950416,0.13422221546753427,0.14009900921887453,0.8237176367834291,-0.42824253795852957,0.14992957174507582
8.4,11.946513422782939,1.3215480792335146,1.5226151136936585,0.1656015915851058,12.031150332238017,1.2552204389430397,12.334623955680296,1.6373770849789406,1.6436699697801347,0.15317399670027676,0.08463690945507846,-0.06632764029047487,0.3881105328973571,0.31582900574542616
8.5,12.09669189984357,1.3466477380406199,1.5226750849541917,0.16652273511994747,12.276847536125153,1.6737845882773739,11.996035708911872,1.150524223765435,1.497287654937611,0.1712557843670098,0.1801556362815837,0.327136850236754,-0.10065619093169739,-0.19612351427518482
8.6,12.246853106973816,1.3718867161615758,1.5226523037226447,0.16742512498385517,12.558929358035817,1.99694835202613,12.712259364255413,1.39597522112757,1.5369122055400932,0.1331883837911531,0.3120762510620001,0.6250616358645542,0.46540625728159696,0.024088504965994212
8.700000000000001,12.39698923130199,1.397260808303633,1.5225467277956193,0.16830862712441658,12.782467473328492,1.5280604209808233,12.682331796402435,1.7839366631828213,1.6038710855685856,0.12871445334980683,0.3854782420265016,0.13079961267719015,0.28534256510044503,0.3866758548791882
8.8,12.547092470563316,1.422765767556078,1.5223583412509296,0.169173110162028,11.508834764791603,1.6409445902009434,12.61597962817433,1.296188258252033,1.5240970461909176,0.16649185578991452,-1.038257705771713,0.21817882264486527,0.0688871576110142,-0.1265775093040451
8.9,12.697155035414383,1.4483973071524812,1.5220871544540144,0.17001844540885033,12.682995207419195,1.165216711092187,13.06095248213035,1.2832516673419754,1.3814709945749097,0.1628720046959925,-0.014159827995188168,-0.2831805960602943,0.3637974467159666,-0.16514563981050567
9.0,12.847169151734482,1.474151102256094,1.5217332040558451,0.17084450688737773,12.648430294005484,1.7957392520415534,13.046017136389644,1.608692341167352,1.5787651704037968,0.21267908138123134,-0.19873885772899788,0.3215881497854593,0.19884798465516107,0.13454123891125785
9.1,12.99712706291327,1.5000227917671285,1.5212965529823315,0.1716511713486163,12.79026121964206,1.679319387642239,13.094529405819864,1.4610923224037788,1.5978376770939131,0.15963374184345094,-0.20686584327121021,0.17929659587511057,0.09740234290659508,-0.03893046936334957
9.200000000000001,13.147021032124286,1.5260079801506343,1.520777290415228,0.17243831828987055,12.848634372746831,0.4341278656594538,13.311938574552915,1.6499163661956735,1.6856644814246369,0.21917047565586714,-0.2983866593774547,-1.0918801144911805,0.16491754242862958,0.12390838604503919
9.3,13.296843344583827,1.552102239283679,1.5201755317645471,0.1732058299721345,13.222901571458332,1.57992092362123,13.2042733402828,1.7085232113861228,1.414280115694219,0.17517300645438336,-0.07394177312549603,0.027818684337550935,-0.09257000430102696,0.15642097210244396
9.4,13.446586309794723,1.5783011103205176,1.5194914186324882,0.17395359143708566,13.631284390427309,1.9474987308883644,13.257172860057455,1.2509378823528021,1.5090883277511158,0.2068523918172887,0.18469808063258528,0.3691976205678468,-0.1894134497372671,-0.3273632279677155
9.5,13.59624226377455,1.604600105574432,1.518725118768893,0.1746814905236785,14.136371358688598,1.6886367091454186,13.592402868400884,1.6087060765074572,1.3416017599530847,0.17921835390186366,0.5401290949140459,0.08403660357098672,-0.003839395373666604,0.004105970933025247
9.600000000000001,13.74580357126787,1.6309947104148999,1.5178768260182447,0.17538941788433615,13.540379987903965,2.4941688369199513,13.968205484088742,1.8543263388689126,1.5609427313562831,0.18531131739584944,-0.20542358336390693,0.8631741265050514,0.2224019128208716,0.22333162845401283
9.700000000000001,13.895262627942051,1.6574803851787525,1.5169467602582236,0.17607726700073656,14.55760372082213,1.9370612715363966,13.63818468958651,1.862325868269044,1.5339552960723912,0.1940389360270337,0.6623410928800791,0.27958088635764405,-0.25707793835554116,0.2048454830902914
9.8,14.044611862566285,1.6840525670939623,1.515935167329844,0.1767449341991926,13.345489766913108,1.633679558918397,14.638753686732455,1.9329028197970382,1.5093732183532673,0.17720509272978566,-0.6991220956531777,-0.05037300817556531,0.5941418241661709,0.24885025270307573
9.9,14.193843739173417,1.7107066722147009,1.5148423189591897,0.17739231866562238,14.889560731151192,2.118339529430071,13.739215595304964,1.4655787246965795,1.548577536098186,0.18905653534901135,0.6957169919777754,0.40763285721537046,-0.4546281438684524,-0.24512794751812148
10.0,14.342950759204204,1.7374380973662935,1.5136685126707785,0.17801932246010815,15.215847926889122,2.6036330469191316,14.469145864207983,2.0731218472483723,1.4529989414751523,0.16358925515363157,0.8728971676849193,0.8661949495528379,0.12619510500377856,0.33568374988207905
10.100000000000001,14.491925463633645,1.7642422220986973,1.512414071692581,0.17862585053104235,14.269318242397372,1.3473596468311486,14.250456889692053,1.981827289474601,1.5386229088209318,0.13298849498805781,-0.2226072212362729,-0.41688257526754857,-0.241468573941592,0.21758506737590366
10.200000000000001,14.640760435079054,1.7911144106471177,1.5110793448527229,0.17921181072885717,15.238905441357295,2.138633514415931,14.51025838909104,1.9143281678979391,1.70048881182835,0.16174500941680212,0.5981450062782403,0.3475191037688135,-0.13050204598801246,0.12321375725082132
10.3,14.789448299889521,1.818050013898383,1.5096647064679098,0.17977711381933786,15.434706952207208,1.6242791054247152,14.773075939333644,1.4307662457234382,1.4321531496980293,0.18668604409871173,0.645258652317687,-0.1937709084736679,-0.01637236055587654,-0.3872837681749447
10.4,14.937981730216475,1.8450443713616844,1.5081705562236034,0.18032167349651554,14.665408055480368,2.240049708596708,14.68580394445446,1.5177849924053897,1.4720538788089903,0.17125471632562975,-0.272573674736106,0.39500533723502357,-0.25217778576201577,-0.32725937895629487
10.5,15.086353446065011,1.8720928131422954,1.506597319045993,0.1808454063951395,15.567730650634857,1.63815433675738,15.207976623448921,1.9009975609459178,1.5361962844763453,0.20432188350766253,0.4813772045698449,-0.23393847638491522,0.12162317738391011,0.02890474780362236
10.600000000000001,15.234556217325725,1.8991906619168795,1.5049454449658035,0.18134823210272602,15.47597140105846,2.65549501530868,15.00781222488664,1.920949716638718,1.5948574510908353,0.21090759548701155,0.2414151837327363,0.7563043533918005,-0.22674399243908513,0.02175905472183845
10.700000000000001,15.38258286578674,1.9263332349089963,1.5032154089739802,0.18183007317118274,16.190685704933397,1.7931542770075688,15.771798771968246,2.077854581986881,1.5180929009005464,0.17487467833045972,0.8081028391466593,-0.13317895790142747,0.38921590618150714,0.15152134707788467
10.8,15.530426267125685,1.9535158458634194,1.5014077108693022,0.1822908551280064,15.151774769051928,1.8329068319264332,15.741663377466908,1.8692937117390576,1.4781022495293237,0.18470438068072,-0.3786514980737573,-0.12060901393698625,0.21123711034122217,-0.08422213412436196
10.9,15.678079352881358,1.9807338070178808,1.499522875097968,0.18273050648705244,14.989792131399495,1.7650778779028586,16.06359969575284,2.030643705799417,1.4107640352124602,0.15420938119047872,-0.6882872214818627,-0.21565592911502218,0.38552034287147896,0.0499098987815364
11.0,15.825535112404816,2.00798243107086,1.4975614505852128,0.18314895875887527,16.005561061813612,2.7138298025141685,15.759897417126908,2.2934994190213813,1.4004134980936966,0.18016321901981683,0.1800259494087973,0.7058473714433087,-0.06563769527790911,0.2855169879505213
11.100000000000001,15.972786594789675,2.0352570331440423,1.495524010559003,0.18354614646063705,16.61142709618471,2.668133286853303,16.1476537969634,1.9878185165937927,1.5121445378338312,0.17158050625890123,0.638640501395033,0.6328762537092608,0.17486720217372642,-0.04743851655024953
11.200000000000001,16.11982691078137,2.0625529327380776,1.4934111523658729,0.18392200712558426,16.079464210163234,2.6207504426197836,16.54023323121853,2.248248460331536,1.4314975405531392,0.22502350807998056,-0.04036270061813432,0.5581975098817062,0.4204063204371591,0.18569552759345812
11.3,16.26664923466517,2.0898654556802736,1.4912234972789582,0.18427648131209035,16.318213134394483,2.3184127546616096,15.878438700733593,1.6349084137643177,1.4794599639174892,0.20753886411537145,0.05156389972931473,0.22854729898133613,-0.388210533931578,-0.45495704191595576
11.4,16.413246806132744,2.1171899360628705,1.4889616902982914,0.18460951261226283,16.5241480338189,2.2733445891100272,16.735711119783677,1.8017480558227024,1.5757658735025046,0.20497103706756947,0.11090122768615664,0.15615465304715662,0.32246431365093325,-0.3154418802401683
11.5,16.559612932127038,2.1445217181705534,1.486626399943422,0.18492104766011447,16.393001919042376,1.8256806144120108,16.91291115973899,2.0576501900056714,1.374358464677643,0.27276412826370067,-0.16661101308466095,-0.3188411037585426,0.3532982276119518,-0.08687152816488211
11.600000000000001,16.705740988665326,2.1718561583958595,1.4842183180384279,0.18521103613929646,16.53451456280205,2.8300928247215893,16.60361711325881,2.21734863674139,1.4295155888583913,0.19546080010695643,-0.17122642586327808,0.65823666632573,-0.10212387540651532,0.045492478345530774
11.700000000000001,16.851624422640178,2.199188627141166,1.4817381594893917,0.18547943079039292,16.380736305948055,3.1785388621549098,17.046977821457254,2.1174050605471257,1.479811246641513,0.15422104395216052,-0.47088811669212166,0.979350235013744,0.19535339881707492,-0.08178356659404024
11.8,16.997256753598226,2.2265145107059388,1.4791866620544096,0.18572618741777586,17.33012136265602,1.6171393800324596,17.068510182260592,2.3146933380741057,1.4738539207935806,0.20229300359284133,0.332864609057793,-0.6093751306734793,0.07125342866236757,0.08817882736816701
11.9,17.1426315754965,2.253829213157945,1.476564586106207,0.18595126489601901,17.902016625375207,3.35878257432569,17.25529438957359,2.013556829435709,1.418959083809522,0.20279668957341554,0.7593850498787047,1.1049533611677447,0.11266281407708739,-0.24027238372223625
12.0,17.28774255843619,2.2811281581871476,1.473872714387445,0.18615462517587036,17.774730861422043,1.9726108515902157,17.36764151293533,2.0644111909094147,1.3275143289673232,0.2138346097738249,0.4869883029858519,-0.30851730659693205,0.07989895449914002,-0.2167169672777329
12.100000000000001,17.432583450373645,2.308406790941008,1.4711118517587847,0.1863362332897817,16.561207435686576,1.716465751035373,17.148136010310502,2.1319998822968302,1.4350353702553242,0.19344591868762137,-0.8713760146870682,-0.5919410399056352,-0.284447440063145,-0.17640690864417793
12.200000000000001,17.577148078808488,2.3356605798399475,1.4682828249398043,0.18649605735699518,17.706782259227776,2.7779908430738627,17.45883315156576,2.4195617044066253,1.353704141393484,0.15962053361433992,0.12963418041928693,0.4423302632339154,-0.11831492724273013,0.08390112456667792
12.3,17.721430352448603,2.362885018371729,1.4653864822428422,0.1866340685881857,17.678823481815304,2.506624461995125,18.032194178738152,3.1652351516998753,1.5168738371398034,0.21260532742156196,-0.04260687063329979,0.14373944362339602,0.3107638262895497,0.8023501333281464
12.4,17.865424262851946,2.390075626863541,1.4624236932998578,0.18675024128965834,17.983860189711777,2.0371647431787894,17.975767599282626,2.224352171103214,1.5832339195212777,0.19411291829339766,0.11843592685983192,-0.3529108836847518,0.11034333643068119,-0.16572345576032696
12.5,18.00912388604491,2.417227954230587,1.4593953487823976,0.18684455286710075,18.444592927631497,3.052659568067955,18.149493693475524,2.8126713797326395,1.2933091231153302,0.20021058743078898,0.4354690415865877,0.6354316138373681,0.14036980743061345,0.3954434255020526
12.600000000000001,18.152523384117202,2.444337579699998,1.4563023601147573,0.18691698382888924,18.008550866033183,2.2463940215539675,17.57329046920821,2.5645289522461763,1.3965252870754996,0.19902262779681432,-0.14397251808401906,-0.1979435581460307,-0.5792329149089914,0.12019137254617823
12.700000000000001,18.29561700679297,2.471400114508912,1.4531456591804306,0.18696751778894918,20.04336849561251,3.0036460059287213,18.317277656901904,2.355438036529069,1.496003006708426,0.1733887768331253,1.7477514888195398,0.5322458914198093,0.021660650108933324,-0.115962077979843
12.8,18.438399092978113,2.4984112035755817,1.4499261980219424,0.18699614146916765,18.28364844328693,3.0352860231642875,17.95952638314854,2.374245484914678,1.36714498370931,0.15047892117796857,-0.1547506496911851,0.5368748195887058,-0.47887270982957386,-0.12416571866090392
12.9,18.580864072283596,2.525366527142398,1.446644948534164,0.1870028447013598,17.964158421774393,3.103575885052395,18.882267262843836,2.431416146559396,1.4237898180933208,0.16867961354973754,-0.6167056505092046,0.5782093579099971,0.30140319056023873,-0.09395038058300188
13.0,18.723006466524595,2.5522618023897397,1.4433029021512058,0.18698762042878747,20.0958912963226,2.866374724232676,18.430474267916942,2.6424257500372867,1.4210093630565304,0.1610695852365731,1.3728848297980043,0.3141129218429362,-0.2925321986076514,0.09016394764754694
13.100000000000001,18.864820891195354,2.579092785019575,1.4399010695269947,0.18695046470722998,19.076447816308573,1.9616936196343808,19.327625229005523,2.805424459919582,1.5287566271904538,0.16924174611497053,0.211626925113218,-0.617399165385194,0.4628043378101692,0.22633167490000713
13.200000000000001,19.00630205691958,2.605855270807784,1.4364404802096329,0.18689137670560751,18.944330270513163,2.760644467492673,18.859596841246976,2.2005371370102744,1.4326593158637133,0.18418259708276005,-0.06197178640641773,0.1547891966848895,-0.14670521567260542,-0.40531813379750947
13.3,19.147444770876234,2.6325450971241784,1.4329221823096485,0.1868103587061563,18.707725059869855,2.854493324705022,18.874002437770343,2.5597177690743065,1.517835931538212,0.2044476864313663,-0.4397197110063785,0.22194822758084376,-0.2734423331058898,-0.07282732804987213
13.4,19.288243938200555,2.6591581444192305,1.4293472421622466,0.18670741610415606,20.546233754661987,2.663556595456493,19.329333097832254,2.9402804192102825,1.5401808392284477,0.19267386929538804,1.2579898164614334,0.004398451037262441,0.04108915963169764,0.28112227479105206
13.5,19.42869456336016,2.6856903376765513,1.4257167439836622,0.18658255740720958,19.545419823509658,2.8136237245142626,19.4776955338857,2.268723691317856,1.4515410623407317,0.18397502037401917,0.11672526014949822,0.12793338683771124,0.04900097052553917,-0.41696664635869557
13.600000000000001,19.568791751506073,2.712137647830181,1.4220317895217351,0.18643579423407436,20.327975541172943,2.7333396081802697,19.519694730534916,2.9223595047664377,1.385084170973193,0.15898342633114834,0.7591837896668701,0.021201960350089033,-0.049097020971158124,0.21022185693625667
13.700000000000001,19.708530709798485,2.738496093145787,1.4182934977008186,0.18626714131304692,19.83280463496843,3.158006222772714,19.85373533492641,2.941626333378511,1.5190851773761265,0.19275862275748476,0.12427392516994515,0.4195101296269268,0.14520462512792573,0.20313024023272352
13.8,19.84790674870711,2.764761740564895,1.4145030042611273,0.18607661647989943,19.468160806398096,3.035032624751966,19.796390816141354,2.6491109945128373,1.4851509169910595,0.17011390614936872,-0.3797459423090128,0.2702708841870705,-0.051515932565757476,-0.11565074605205775
13.9,19.986915283285978,2.790930707011304,1.4106614613926567,0.18586424067536964,19.241853023766776,3.7776569666927555,19.81649494649265,2.6835503024786647,1.2802258148786063,0.21118280049552943,-0.7450622595192014,0.9867262596814513,-0.17042033679332838,-0.10738040453263951
14.0,20.125551834422428,2.816999160658871,1.4067700373637797,0.18563003794220373,20.30994063840346,2.9189156860490786,20.856311358512713,2.9086866842198615,1.4134556125306774,0.1764339349960838,0.18438880398103236,0.10191652539020751,0.730759524090285,0.09168752356099022
14.100000000000001,20.263812030060198,2.842963322159883,1.4028299161446465,0.1853740354217531,19.905989947034506,3.394425265635144,20.26787099003056,3.3132472059115035,1.4465131023808977,0.22246896220245113,-0.35782208302569,0.5514619434752615,0.004058959970361181,0.4702838837516205
14.200000000000001,20.401691606396383,2.86881946583326,1.3988422970255108,0.18509626335012538,18.964491825336918,2.2520827031098305,20.50992598083566,3.108941435005098,1.3443994725949948,0.21896562455736368,-1.4371997810594657,-0.6167367627234296,0.10823437443927704,0.24012196917183776
14.3,20.539186409052085,2.894563920811875,1.3948083942300997,0.18479675505389007,20.11080655676315,3.327468368898154,20.14144477673586,2.602866918065974,1.379567489311347,0.17656556059988873,-0.42837985228893377,0.4329044480862788,-0.39774163231622667,-0.29169700274590094
14.4,20.676292394216564,2.9201930721482956,1.3907294365241607,0.18447554694533957,21.03711618397762,2.9307352551998833,20.73987483621473,2.755985289112663,1.3390731553246369,0.1617210745921353,0.3608237897610577,0.010542183051587689,0.06358244199816976,-0.16420778303563274
14.5,20.813005629764696,2.9457033618783046,1.3866066668193064,0.1841326785173065,22.358845927499033,3.92698905844537,20.845507261338998,2.890529967310469,1.3504284177517372,0.15547707213179857,1.5458402977343373,0.9812856965670657,0.03250163157430311,-0.05517339456783561
14.600000000000001,20.949322296347525,2.97109129004157,1.3824413417722883,0.18376819233753736,21.1531325322793,3.5174308098011577,21.12206667508924,3.2735692695504044,1.3035393514111504,0.1577523925738491,0.20381023593177625,0.5463395197595878,0.17274437874171672,0.3024779795088346
14.700000000000001,21.085238688455714,2.9963534156588856,1.3782347313798273,0.18338213404262435,21.35433848446719,2.5155905525481694,21.013459795868467,3.196194791937715,1.3885126289449756,0.20093273931176286,0.2690997960114743,-0.48076286311071614,-0.0717788925872484,0.1998413762788295
14.8,21.220751215455664,3.021486357665433,1.373988118569135,0.18297455233149537,21.33704913029381,2.987987319211116,21.456725238766314,3.044898734743872,1.2826510150093615,0.1822058213850332,0.11629791483814772,-0.033499038454316975,0.23597402331065145,0.023412377078438698
14.9,21.355856402598103,3.046486795799547,1.3697027987842552,0.18254549895846336,21.535798982651944,3.058344367934621,21.518071644806383,3.0684464650782273,1.3141848962491753,0.2145165085505998,0.17994258005383837,0.011857572135073977,0.16221524220827951,0.02195966927868028
15.0,21.490550891998918,3.0713514714465058,1.365380079568363,0.18209502872583636,21.371408548760993,3.0620039893653614,21.62000136032048,3.2133397730262616,1.346403203020694,0.17048928147657055,-0.11914234323792418,-0.00934748208114438,0.12945046832156246,0.141988301579756
15.100000000000001,21.62483144359196,3.096077188436908,1.3610212801421526,0.1816231994760887,21.618043222697704,3.293805394405422,21.242472010699135,2.6479723116014835,1.3848997250150266,0.17019818740592768,-0.006788220894257957,0.1977282059685138,-0.3823594328928264,-0.44810487683542477
15.200000000000001,21.758694936053658,3.1206608137992267,1.3566277309784545,0.18113007208359533,21.748318704516386,3.1776801848870857,21.130086320469317,3.015551765224002,1.3665702740625951,0.13352831903039303,-0.010376231537272098,0.057019371087859004,-0.6286086155843416,-0.10510904857522485
15.3,21.892138367699133,3.1450992784661698,1.3522007733732169,0.18061571044592925,22.005682267336653,2.9134843594325313,22.277849415234268,3.3199196903264383,1.4401846226112769,0.1803932845441569,0.11354389963752028,-0.23161491903363865,0.385711047535136,0.17482041186026856
15.4,22.025158857349595,3.1693895779345214,1.3477417590129936,0.18008018147472463,22.50474515330621,3.3653954902857084,21.616298568155685,2.893836964911506,1.3000345715494912,0.1658638910241706,0.47958629595661456,0.1960059123511872,-0.4088602891939104,-0.2755526130230152
15.5,22.15775364517079,3.193528772878161,1.343252049539072,0.17952355508610596,22.22892440517394,3.8154445745759884,21.999154590843858,3.2568116012070565,1.439788665290298,0.17162290450475004,0.0711707600031535,0.6219158016978272,-0.15859905432692953,0.06328282832889531
15.600000000000001,22.289920093482177,3.2175139897140115,1.3387330161083915,0.178945904190685,22.380998017684675,2.534478780586048,22.41033757012016,3.345251049581568,1.1405661637838513,0.1658115085126433,0.09107792420249888,-0.6830352091279636,0.12041747663798234,0.12773705986755632
15.700000000000001,22.421655687536646,3.24134242112069,1.3341860389513864,0.17834730468312723,22.143750961103308,2.972479754444859,22.53029998946944,3.128912610202988,1.4392037490644447,0.18999119852158847,-0.2779047264333395,-0.26886266667583086,0.10864430193279433,-0.11242981091770199
15.8,22.552958036270454,3.2650113265096836,1.3296125069269003,0.17772783543128826,22.42626511118661,2.904403256693639,22.504132226224602,3.4510302155360817,1.3384353356075238,0.16789450886603852,-0.12669292508384572,-0.3606080698160445,-0.04882581004585185,0.1860188890263981
15.9,22.683824873023127,3.288518032448912,1.3250138170743173,0.1770875782649233,22.557616134748297,3.356419204498785,22.719558156221805,3.1975983840231383,1.25086769870424,0.19183342316446853,-0.126208738274829,0.0679011720498732,0.03573328319867912,-0.09091964842577345
16.0,22.814254056227046,3.3118599330385576,1.320391374163051,0.1764266179639701,23.37521053051747,3.953388183070232,23.086960058809495,2.9263131675292664,1.301207665075384,0.16051501413456049,0.5609564742904232,0.6415282500316744,0.2727060025824509,-0.38554676550929134
16.1,22.944243570066433,3.335034490239117,1.3157465902395404,0.17574504224640752,23.514568773271225,3.1163234207691644,22.75163812756269,2.8875170589010666,1.2850687404536185,0.21823530152941673,0.5703252032047936,-0.2187110694699529,-0.19260544250374526,-0.4475174313380506
16.2,23.073791525105445,3.3580392341516285,1.3110808841719006,0.17504294175569143,23.18614466271454,3.5359886177682336,23.157134707808652,3.4109013943239117,1.2846690212368903,0.16276303564258565,0.1123531376090954,0.17794938361660523,0.08334318270320479,0.052862160172283366
16.3,23.202896158885096,3.380871763250094,1.30639568119237,0.17432041004776969,23.749774427616668,4.5045643609170485,22.972086127083077,3.5362829784901173,1.444986491573456,0.21850548356628544,0.5468782687315722,1.123692597666954,-0.2308100318020191,0.15541121524002321
16.400000000000002,23.331555836488697,3.403529744566149,1.3016924124377087,0.17357754357767813,23.020482655359437,2.8856678102709994,23.102777197081995,3.63660445587739,1.3184438303724721,0.19544416288331823,-0.31107318112925775,-0.5178619342951495,-0.22877863940670284,0.2330747113112407
16.5,23.45976905107552,3.426010913826057,1.2969725144876936,0.17281444168571963,23.11538741524652,4.040865602478195,23.38689860774985,3.370719067065339,1.2266594519441663,0.1744521566736719,-0.3443816358289987,0.6148546886521374,-0.07287044332566793,-0.05529184676071801
16.6,23.587534424382387,3.4483130755401654,1.2922374289018597,0.1720312065832279,23.90763517926213,3.4982702044199807,23.89576233148464,3.245411705322396,1.3155382642391935,0.18440618418340132,0.3201007548797445,0.04995712887981514,0.30822790710225356,-0.20290137021776947
16.7,23.714850707192873,3.4704341030449815,1.287488601754639,0.1712279433379182,22.666066600734197,3.440132211725544,23.465772514856983,3.359362719225513,1.3723978532739567,0.1769843806578666,-1.0487841064586765,-0.030301891319437446,-0.24907819233589126,-0.11107138381946847
16.8,23.841716779773822,3.4923719384980725,1.2827274831690454,0.1704047598588273,24.34874124948992,4.061185868813845,24.31545986531218,3.736252378957829,1.247351878924926,0.15705500885434664,0.5070244697160948,0.5688139303157723,0.4737430855383591,0.2438804404597566
16.900000000000002,23.968131652278842,3.514124592826032,1.27795552684906,0.1695617668808447,23.43758912573682,3.322382493720131,24.0709714937864,3.2370280485215357,1.306251345515576,0.1980003654308754,-0.5305425265420216,-0.191742099105901,0.1028398415075571,-0.27709654430449654
17.0,24.09409446511851,3.5356901456257916,1.2731741896108657,0.16869907794883698,23.819788800410674,2.9602919473635807,24.310968504409924,3.4833728044714736,1.2764760653193554,0.20505330637663557,-0.27430566470783657,-0.575398198262211,0.2168740392914146,-0.05231734115431813
17.1,24.219604489296938,3.557066745019591,1.26838493091308,0.16781680940136837,23.156430915895182,2.769165387239959,24.04806270610043,3.3429372880790478,1.3387044136700295,0.15684686811495357,-1.063173573401756,-0.7879013577796323,-0.17154178319650448,-0.21412945694054325
17.2,24.344661126714396,3.5782526074639684,1.2635892123861479,0.16691508035401903,24.904429621944125,3.8879367002998793,24.414930111750852,3.4018263085002953,1.2900561744970542,0.16792084532685794,0.5597684952297306,0.30968409283591086,0.07026898503645666,-0.17642629896367315
17.3,24.469263910435682,3.5992460175131518,1.2587884973610348,0.16599401268230402,25.654662946721857,3.740955349383821,24.292778010797395,3.796612482749771,1.1870423911102612,0.1691808425967921,1.1853990362861762,0.14170933187066914,-0.1764858996382886,0.19736646523661933
17.400000000000002,24.59341250492392,3.6200453275372917,1.2539842503973835,0.1650537310041952,25.158724379670524,4.288400889882397,24.21584420268348,3.126511528112734,1.378595763932808,0.19194850191951088,0.5653118747466053,0.6683555623451054,-0.3775683022404357,-0.4935337994245579
17.5,24.71710670623947,3.640648957395992,1.2491779368112788,0.1640943626622487,23.683899893114663,3.333063767687507,24.382605939355006,3.474334659404098,1.296319419171093,0.18011986737954688,-1.0332068131248056,-0.30758518970848503,-0.3345007668844624,-0.166314297991894
17.6,24.840346442203675,3.6610553940676427,1.2443710222027788,0.16311603770534,24.496044474420408,3.070233659459123,24.649407721976953,3.2715589945579113,1.2805653528383285,0.16444617485714905,-0.34430196778326494,-0.59082173460852,-0.19093872022672276,-0.38949639950973125
17.7,24.963131772527046,3.6812631912350944,1.2395649719833637,0.1621188888700104,24.659619461750477,3.4478154650059647,24.9561315567386,3.613736795724466,1.2692342303321138,0.18347981655822054,-0.3035123107765678,-0.23344772622912954,-0.007000215788445136,-0.06752639551062845
17.8,25.08546288890168,3.7012709688282435,1.2347612509034545,0.16110305156142596,23.454089780813938,3.508501697131034,25.188951017101186,3.611770092408103,1.263544046156948,0.21548298306611668,-1.6313731080877436,-0.19276927169720948,0.1034881281995044,-0.08950087642014079
17.900000000000002,25.207340115057548,3.721077412524139,1.2299613225801558,0.16006866383395374,25.52784485164644,3.8562952956704493,25.49927471533895,3.8235380417218625,1.2792849328721758,0.2107139619532738,0.32050473658889006,0.13521788314631025,0.29193460028140156,0.10246062919772353
18.0,25.328763906782346,3.7406812732052543,1.225166649025376,0.15901586637135542,26.241006688210238,4.708127149237399,25.585746186104984,3.6807135444599317,1.1936704907620201,0.14296259425911423,0.9122427814278912,0.9674458760321438,0.25698227932263795,-0.05996772874532284
18.1,25.44973485190465,3.7600813663765975,1.2203786901744758,0.1579448024666042,24.308539179091156,3.3069978519448067,25.55628460288139,4.005024755904864,1.1039779622245718,0.13599628211045586,-1.1411956728134944,-0.45308351443179085,0.10654975097673872,0.24494338952826616
18.2,25.57025367024006,3.7792765715423715,1.2155989034155992,0.15685561800132508,25.240550457301506,3.2907637205816638,25.329360078991094,3.9092839094655054,1.226843416388244,0.17396124561954976,-0.32970321293855276,-0.48851285096070773,-0.24089359124896542,0.13000733792313385
18.3,25.690321213500024,3.798265831542931,1.2108287431198392,0.15574846142486354,25.434057708266135,3.4743776231528285,25.447078069430404,3.8942162489117322,1.116864235908013,0.13394547081717018,-0.2562635052338893,-0.3238882083901027,-0.24324314406962122,0.09595041736880117
18.400000000000002,25.809938465163103,3.8170481518528074,1.2060696601723915,0.15462348373298482,25.523429685647862,3.1352661656432463,25.869110610073083,3.7705698977954727,1.3255532427842098,0.14209065451073855,-0.2865087795152419,-0.6817819862095611,0.059172144909977895,-0.04647825405733456
18.5,25.929106540308386,3.83562259984061,1.2013231015048433,0.15348083844620627,26.28440938756583,3.6512490985565282,25.64331456062907,3.4769408077746267,1.1072636910177385,0.16482964000627826,0.35530284725744377,-0.18437350128408192,-0.28579197967931724,-0.3586817920659835
18.6,26.047826685410758,3.853988303991646,1.1965905096287557,0.15232068158776713,26.16871145167163,2.65452025599984,25.034620630179855,3.8365640981357285,1.2779942555157198,0.14413069181145136,0.12088476626087241,-1.1994680479918056,-1.0132060552309012,-0.017424205855917474
18.7,26.16610027809782,3.8721444530941227,1.1918733221706863,0.15114317166123825,24.597123935505298,4.166887065763698,25.86861555496759,3.8002332989744305,1.2205733407271442,0.17344479406049212,-1.5689763425925196,0.29474261266957513,-0.29748472313022684,-0.07191115411969218
18.8,26.283928826868138,3.890090295389837,1.187172971408802,0.14994846962777453,26.855066115571788,3.3066073992936453,26.622121820380848,3.6216046781838886,1.2183004021997696,0.1471254770021807,0.5711372887036484,-0.5834828960961914,0.33819299351271004,-0.26848561720594816
18.900000000000002,26.401313970770655,3.9078251376902733,1.182490883811235,0.14873673888301442,25.160596896490848,3.428005524137365,26.33026657679065,3.7347718682724316,1.1261421385511277,0.14913160986268284,-1.240717074279806,-0.4798196135529085,-0.07104739398000703,-0.17305326941784177
19.0,26.51825747904497,3.925348344459075,1.1778284795763296,0.14750814523362904,26.709077420799442,3.9400895222029457,26.559770667841494,3.894627765283663,1.1702440095101763,0.09568331267557638,0.19081994175447226,0.014741177743870668,0.04151318879652584,-0.030720579175412356
19.1,26.634761250722292,3.942659336861863,1.1731871721749303,0.14626285687352408,26.354504922527155,4.539981818058327,26.64408330407764,4.252699741818928,1.0489625244141363,0.15214294458118083,-0.28025632819513757,0.5973224811964638,0.009322053355349386,0.31004040495706475
19.200000000000003,26.75082731418686,3.9597575917844208,1.1685683678948555,0.14500104435969913,26.746539930159503,4.006389055840749,26.505583131661986,4.050553761687105,1.1291518652850958,0.15894087145647684,-0.004287384027357951,0.04663146405632898,-0.24524418252487368,0.09079616990268438
19.3,26.866457826697623,3.9766426408202764,1.1639734653877107,0.14372288058776625,26.5222310396515,3.958227382898445,26.654392402301262,3.710013008486108,1.1607906803947006,0.15243446679123732,-0.3442267870461233,-0.018415257921831518,-0.21206542439636164,-0.26662963233416836
19.400000000000002,26.981655073869977,3.9933140692287465,1.159403855218181,0.14242854076713257,27.52488407918582,4.426630601308584,26.683054400555243,3.86654982390932,1.1458665027416324,0.11544911332541397,0.5432290053158446,0.4333165320798371,-0.2986006733147342,-0.12676424531942665
19.5,27.096421469117423,4.009771514864524,1.1548609194159551,0.14111820239585043,27.604488347978123,4.695785565812954,27.21043349585014,3.8042373917622556,1.062506222270559,0.16291255791684767,0.5080668788606999,0.6860140509484293,0.11401202673271654,-0.20553412310226862
19.6,27.21075955305296,4.026014667079922,1.1503460310304217,0.1397920452351373,27.62106943785517,4.226117513588945,27.160281500257614,3.955848240401512,1.2590735461985365,0.15357978350940452,0.41030988480221037,0.20010284650902327,-0.05047805279534366,-0.07016642667841005
19.700000000000003,27.324671992850057,4.042043265600902,1.145860553688283,0.13845025128357133,27.509421638016885,3.0957374222841083,27.246424841190837,3.8480933188512036,1.037786246619933,0.1522909222780753,0.18474964516682804,-0.9463058433167936,-0.0782471516592207,-0.19394994674969795
19.8,27.438161581563108,4.057857099378037,1.1414058411542327,0.13709300475096442,28.09123820821334,4.168568169772602,27.083378513646476,3.8376585058465076,1.1469104983247154,0.12385165573127342,0.6530766266502326,0.11071107039456543,-0.35478306791663056,-0.2201985935315292
19.900000000000002,27.55123123740721,4.073456005413588,1.1369832368948323,0.135720492031917,27.52908716377164,4.265588129369538,27.424148980998687,3.8354490977903746,1.1792222232067886,0.12255191937633225,-0.022144073635574003,0.19213212395595025,-0.12708225640852555,-0.23800690762321358
20.0,27.66388400299722,4.088839867565877,1.132594073645738,0.13433290167905976,27.031534398656348,4.44845166263249,27.66038037920783,4.175334233889749,1.1314108635427038,0.15639832532819228,-0.6323496043408743,0.3596117950666122,-0.003503623789393645,0.08649436632387217
20.1,27.776123044545947,4.104008615332175,1.1282396729824085,0.1329304243759833,27.39249301892227,4.103358199965135,27.913124653826312,4.447265872922502,0.983842769933361,0.15169281870915635,-0.38363002562367843,-0.0006504153670393309,0.13700160928036598,0.34325725759032694
20.200000000000003,27.887951651021464,4.118962222611322,1.1239213448944374,0.13151325290986257,28.162069103834995,4.444492240540369,28.094691912700213,3.95961996137634,0.9292491793839597,0.10615532993403722,0.27411745281353145,0.32553001792904723,0.2067402616787513,-0.1593422612349821
20.3,27.999373233263455,4.133700706447335,1.11964038736365,0.1300815821437787,27.41773943073573,3.925443011551767,27.816522958296364,4.123751277028812,1.0238500283953114,0.13233286962561266,-0.5816338025277245,-0.2082576948955674,-0.1828502749670908,-0.009949429418522684
20.400000000000002,28.110391323058607,4.148224125755247,1.115398085946094,0.12863560898874116,27.134086712191564,4.808143468289224,27.34285781215184,3.9391872131343764,1.1467197314677973,0.1068041054368242,-0.976304610867044,0.6599193425339764,-0.7675335109067642,-0.20903691262087046
20.5,28.221009572175,4.162532580030466,1.1111957133580679,0.12717553237541673,29.305893078270138,4.583344013842448,27.615564732994464,3.7292545618121165,1.0018603619842084,0.13869408540074765,1.0848835060951392,0.42081143381198244,-0.6054448391805339,-0.43327801821834944
20.6,28.331231751355507,4.176626208042924,1.107034529066316,0.1257015532255672,27.44708861651017,5.126398487209768,28.3477085618141,4.597880866686143,1.2007190188648937,0.1391551320806689,-0.8841431348453332,0.9497722791668438,0.016476810458592672,0.42125465864321965
20.700000000000003,28.441061749270276,4.19050518651732,1.1029157788825232,0.12421387442320084,29.162367030601306,4.463560584738412,28.66456415333066,3.9423096179060204,0.8180986328444926,0.08166345797645702,0.7213052813310292,0.2730553982210921,0.22350240406038197,-0.24819556861129916
20.8,28.55050357142828,4.204169728800764,1.098840694562243,0.12271270078544215,27.896127529695512,4.40655359902361,28.76676554161295,4.269204607291048,1.0463985487579517,0.0907798798889014,-0.654376041732768,0.20238387022284615,0.21626197018467014,0.06503487849028369
20.900000000000002,28.65956133904806,4.21762008351914,1.0948104934083853,0.1211982390331225,29.858495565409942,4.526650446052014,28.66288285364214,4.227941044950236,1.2329930647607061,0.0723551047352488,1.198934226361881,0.30903036253287397,0.0033215145940820212,0.010320961431095833
21.0,28.768239287887717,4.230856533223509,1.090826377879397,0.11967069776109834,28.99820389118067,3.7045086606694744,28.994623354992758,4.336874641921744,0.9966350235705917,0.16493907048091216,0.22996460329295063,-0.5263478725540347,0.22638406710503933,0.10601810869823462
21.1,28.876541767034276,4.243879393027883,1.0868895352022578,0.11813028740829903,28.8825794438586,5.4552764433780485,29.118692684617248,4.441283554888621,1.0912790567685406,0.12322790048617939,0.006037676824322213,1.2113970503501654,0.24215091758297236,0.19740416186073786
21.200000000000003,28.98447323765257,4.256689009239715,1.0830011369904184,0.11657722022750969,28.767438924654453,4.5056700056003525,29.35513528752554,4.157302410986383,1.0793268633548636,0.1468523210700382,-0.2170343129981172,0.24898099636063747,0.37066204987296947,-0.09938659825333179
21.3,29.092038271693784,4.269285757984443,1.0791623388668055,0.1150117102548932,28.92127528085045,4.660611022826529,29.378016114483003,4.201107536844104,1.049202310759648,0.14045351078112348,-0.17076299084333615,0.39132526484208646,0.28597784278922017,-0.06817822114033947
21.400000000000002,29.19924155056385,4.281670043825426,1.075374280092015,0.11343397327925593,29.508633325791955,4.67499795449963,29.313805206773736,4.496841465420743,0.9171307637172734,0.11206620590836723,0.30939177522810357,0.39332791067420403,0.11456365620988469,0.21517142159531633
21.5,29.306087863751895,4.293842298380637,1.0716380831978134,0.11184422681106122,27.52152155291032,3.1710096839917754,29.224440089652695,4.36551595593258,1.1151403016125474,0.0944980307819214,-1.7845663108415748,-1.1228326143888618,-0.08164777409919877,0.07167365755194277
21.6,29.41258210741894,4.30580297893745,1.067954853626065,0.11024269005119534,28.554678288722265,3.3179175467703192,28.811398735252954,4.448009386775202,1.0246420391008562,0.11095603451752577,-0.8579038186966782,-0.987885432167131,-0.601183372165988,0.14220640783775151
21.700000000000003,29.518729282947184,4.3175525670668655,1.0643256793732074,0.10862958385949051,28.423347738445777,3.5878010715600555,29.008408739409084,3.8160141373196783,1.0379402027350373,0.05909655487276699,-1.0953815445014068,-0.7297514955068098,-0.5103205435380997,-0.501538429747187
21.8,29.62453449545002,4.329091567238535,1.060751630640382,0.10700513072300918,29.253518726918376,4.19781019728741,29.669698014647828,4.258703703378264,1.1065904935439044,0.11703532134994625,-0.37101576853164425,-0.13128136995112563,0.04516351919780598,-0.07038786386027147
21.900000000000002,29.73000295224321,4.3404205054379235,1.0572337594893373,0.10536955472409465,28.90392622728401,4.010069462498051,29.803305887210794,4.169945466875043,1.0741961926608383,0.12418788436178418,-0.826076724959202,-0.3303510429398725,0.07330293496758233,-0.17047503856288065
22.0,29.83513996127744,4.351539927786938,1.0537730995042214,0.1037230815081919,30.839584756236057,3.8252780186156894,29.498488389537407,3.9079158843776587,1.092659418329544,0.11196900395262714,1.004444794958617,-0.5262619091712485,-0.3366515717400345,-0.44362404340927897
22.1,29.939950929532678,4.36245039916938,1.0503706654593596,0.10206593825144385,29.625623463265306,3.360500937265087,30.183386828865064,4.285379998131678,1.020205793471048,0.09436379384633113,-0.3143274662673701,-1.0019494619042935,0.24343589933238519,-0.0770704010377026
22.200000000000003,30.044441361374645,4.373152501862532,1.0470274529931423,0.10039835362806812,30.77789935914626,4.383727305507237,30.550674246355797,4.530462527044853,0.9493023652810915,0.07300527002136942,0.7334579977716149,0.010574803644704645,0.5062328849811528,0.15731002518232068
22.3,30.148616856873844,4.383646834176205,1.04374443828811,0.09872055777751729,30.64125003617946,4.55155215032827,30.603957698672833,4.260220534203149,1.082840506178734,0.0893588611182425,0.4926331793056188,0.16790531615206483,0.4553408417989905,-0.12342629997305621
22.400000000000002,30.252483110087528,4.393934009100561,1.040522577757358,0.0970327822714294,30.263499979290064,4.02406269836787,29.91132102535428,4.5851410428792265,0.9511837620609012,0.1212967608766578,0.011016869202535778,-0.36987131073269086,-0.3411620847332474,0.19120703377866594
22.5,30.356045907305095,4.404014652964008,1.0373628077373447,0.0953352600803724,29.5356826556354,4.120350256684064,30.29133691391154,4.838560641281758,0.9627087140868962,0.13379054521687406,-0.8203632516696938,-0.2836643962799442,-0.0647089933935558,0.43454598831774954
22.6,30.459311125257322,4.413889404102464,1.0342660441872162,0.09362822554038694,30.020649528009283,4.014738597406552,30.610806529387883,3.9969060024004195,1.0516997459143267,0.07516926052488418,-0.4386615972480381,-0.39915080669591163,0.1514954041305604,-0.41698340170204434
22.700000000000003,30.562284729289996,4.423558911541256,1.0312331823947396,0.09191191431933401,30.620552890137397,4.232181669987764,30.195992160112272,4.369668111402359,1.1035186022590484,0.12071946673272274,0.058268160847399775,-0.19137724155349226,-0.3662925691777241,-0.053890800138896175
22.8,30.66497277150242,4.433023833690934,1.0282650966889353,0.09018656338304995,31.767030910511444,4.367454687521427,30.57186704580414,4.200184332683948,1.1865627909580239,0.07642229737720613,1.1020581390090243,-0.06556914616950676,-0.09310572569827891,-0.23283950100698558
22.900000000000002,30.76738138885134,4.442284837058233,1.0253626401595117,0.08845241096131524,31.155204074926967,4.83585399658932,31.045440457461165,4.246984506451626,0.8721890135544169,0.07611960554194128,0.3878226860756251,0.39356915953108645,0.27805906860982393,-0.1953003306066076
23.0,30.869516801220893,4.451342594973428,1.0225266443831837,0.08670969651364262,30.90952800679697,4.284953233911356,30.796965312320008,4.524268092076838,1.1211483573196794,0.13698114245739457,0.040011205576078984,-0.1663893610620728,-0.07255148890088332,0.07292549710340934
23.1,30.971385309459112,4.460197786335285,1.019757919156971,0.08495866069488649,30.61820276362013,3.975138699012451,31.123573530916126,4.254811611935881,1.0082004384711247,0.11174434953649673,-0.35318254583898256,-0.48505908732283376,0.15218822145701433,-0.20538617439940376
23.200000000000003,31.072993293381668,4.4688510943748145,1.0170572522385544,0.08319954532068273,31.53848486185676,4.869559460819247,30.929447478003084,4.622899882862404,0.9939994380513603,0.11708409630777702,0.4654915684750903,0.400708366444433,-0.14354581537858357,0.15404878848758924
23.3,31.174347209743438,4.477303205439004,1.014425409093783,0.08143259333272,30.486473830553,4.2885343415398705,31.150937696553708,4.286684406174927,0.9839387246062312,0.033945810832185744,-0.6878733791904383,-0.18876886389913297,-0.023409513189729364,-0.19061879926407688
23.400000000000002,31.275453590178593,4.485554807795672,1.011863132651408,0.0796580487638498,31.619523339743232,4.612470686874466,31.626750785424775,4.347712755366922,1.0047717747470533,0.11971017118237695,0.3440697495646404,0.1269158790787942,0.35129719524618275,-0.13784205242874908
23.5,31.37631903910987,4.493606590460599,1.0093711430651242,0.07787615670304054,30.502966772922584,3.295471327909142,31.042552335253212,4.516574980348125,1.0463547122708268,0.03516160936981233,-0.8733522661872868,-1.1981352625514572,-0.3337667038566583,0.022968389887525725
23.6,31.476950231627757,4.501459242048028,1.0069501374829957,0.07608716326017813,31.829702194998795,3.528805275511656,31.245674560776756,4.463919325626578,1.0683053997615264,0.11866459025222637,0.3527519633710364,-0.9726539665363725,-0.2312756708510001,-0.03753991642145079
23.700000000000003,31.57735391134032,4.509113449645627,1.0046007898243432,0.07429131553072164,32.00378463287175,4.672163554080148,31.579002973096262,4.6983062753967,1.0469426366841508,0.09646404045241014,0.42643072153142475,0.16305010443452195,0.0016490617559397486,0.1891928257510732
23.8,31.677536888194407,4.516569897714977,1.002323750564161,0.07248886156021658,31.459607327552614,4.454159185051743,32.05254251566146,4.2435581247188985,0.9941185195614629,0.040864914560131325,-0.21792956064179314,-0.062410712663233975,0.375005627467048,-0.2730117729960779
23.900000000000002,31.777506036269017,4.523829267018627,1.0001196465251363,0.07068005030867108,31.86226633955808,3.4003200078131357,31.638634084389942,4.625533505736509,1.054510617706562,0.08585344329702245,0.08476030328906281,-1.1235092592054912,-0.13887195187907592,0.10170423871788137
24.0,31.877268291541657,4.530892233574707,0.9979890806773368,0.06886513161480243,31.68500814137707,4.956443524833284,31.742107496044504,4.679382783966913,0.9782885303563469,0.13087046229278848,-0.19226015016458692,0.42555129125857705,-0.13516079549715296,0.14849055039220593
24.1,31.976830649628454,4.537759467640091,0.9959326319456328,0.06704435616015533,32.36310830638406,4.1457965507175745,31.684854393050813,4.322519199124339,1.2662268861293318,0.08339506855846805,0.386277656755613,-0.39196291692251717,-0.29197625657764076,-0.21524026851575268
24.200000000000003,32.07620016349889,4.544431632723066,0.9939508550249135,0.06521797543310089,33.4074799626721,4.490352953730712,32.093070533569495,4.538871724737022,1.0815691135752614,0.08223697582721251,1.3312797991732086,-0.054078678992354856,0.01687037007060769,-0.00555990798604469
24.3,32.17538394116604,4.550909384626411,0.9920442802031615,0.06338624169271895,32.34393967007752,4.1432552406160195,32.31431445072153,4.54492400514221,1.0559474933865323,0.04779396936487528,0.16855572891147724,-0.40765414401039124,0.138930509555494,-0.005985379484200644
24.400000000000002,32.27438914335312,4.557193370521789,0.9902134131924375,0.061549407932569314,32.536892156473264,5.082057537099509,31.96830507216901,4.361428199402185,1.0751104098783648,0.06998032067633053,0.2625030131201472,0.5248641665777197,-0.3060840711841099,-0.19576517111960468
24.5,32.37322298113733,4.563284228056311,0.9884587349678352,0.05970772784435871,33.226920835141854,5.428596003756795,32.19848743957175,4.530577613954959,0.9393511909659735,0.01662944646592726,0.8536978540045224,0.8653117757004838,-0.17473554156558277,-0.032706614101352255
24.6,32.47189271357185,4.569182584492082,0.9867807016144542,0.05786145578150653,32.38836474127403,4.337980685982257,32.862980417850586,4.338435825326551,1.0256818399103824,0.06689736853577077,-0.08352797229781841,-0.23120189850982478,0.3910877042787425,-0.23074675916553117
24.700000000000003,32.57040564528688,4.574889055879539,0.9851797441824429,0.05601084672261608,33.744760773739486,4.976410297312589,32.48818100874254,4.520571435104028,1.0223707840745908,0.04479359258849679,1.174355128452601,0.40152124143305024,-0.08222463654434636,-0.05431762077551093
24.8,32.66876912407084,4.5804042462653305,0.9836562685501578,0.05415615623485629,32.823325742365206,3.67539916918149,32.83606407440666,4.978290732377255,1.0549816030188293,0.0281534172476621,0.15455661829436218,-0.9050050770838409,0.167294950335818,0.39788648611192456
24.900000000000002,32.766990538432445,4.585728746935453,0.9822106552954817,0.05229764043725807,32.94888124643791,4.582690866659601,32.61810995724167,4.800575319448058,0.9626940977798987,0.06524291609437706,0.18189070800545953,-0.0030378802758512236,-0.14888058119077047,0.21484657251260497
25.0,32.865077315144866,4.590863135694345,0.9808432595753472,0.05043555596393292,34.64315848142952,4.918520510549586,33.2169064376226,4.53837745349452,0.9117048611615478,0.028602872047040335,1.7780811662846596,0.3276573748552407,0.35182912247773057,-0.05248568219982511
25.1,32.96303691677283,4.595807976180582,0.9795544110134973,0.04857015992721656,32.82940672470716,4.296199367171442,33.080398230708326,4.382127206506974,0.9988769616449366,0.07701625135351339,-0.1336301920656638,-0.2996086090091405,0.11736131393550014,-0.21368076967360872
25.200000000000003,33.06087683918372,4.600563817219779,0.9783444135965262,0.04670170988074454,31.941369136829614,4.703453699097311,33.07201666734882,4.478076263479301,0.9627772521578489,0.05293653043239897,-1.1195077023541042,0.10288988187753256,0.011139828165102603,-0.1224875537404782
25.3,33.1586046090437,4.605131192215289,0.9772135455782297,0.04483046378246448,34.328310716734116,4.302812663218713,33.17274297509544,4.593219157358629,0.9266043582815726,0.07071786950848559,1.1697061076904194,-0.3023185289965762,0.014138366051742356,-0.011912034856660786
25.400000000000002,33.25622778129986,4.60951061857723,0.9761620593922979,0.04295667995759042,32.79274940378448,4.412427297038039,33.49603403156561,4.6687711675907915,1.0725156150577035,0.06324274500557832,-0.4634783775153841,-0.19708332153919106,0.2398062502657427,0.05926054901356179
25.5,33.353753936649476,4.613702597190333,0.9751901815733779,0.04108061706150462,32.82192617472271,4.606363263269132,33.23033269412677,4.469420181714432,1.0887122502305087,-0.005229024866636747,-0.5318277619267643,-0.007339333921200675,-0.12342124252270065,-0.14428241547590043
25.6,33.451190678997406,4.617707611921079,0.9742981126865313,0.03920253404261215,33.5532134965477,4.2070196407632565,33.558029254043745,4.918604194271879,0.9916800946711957,0.008159340251534211,0.1020228175502918,-0.4106879711578228,0.106838575046336,0.3008965823507995
25.700000000000003,33.54854563290272,4.621526129164545,0.9734860272651121,0.03732269010515356,32.7903719354495,5.142845223824855,33.64484538730612,4.845876101782646,0.9643339849574794,0.03555627906374173,-0.7581736974532237,0.5213190946603095,0.09629975440339986,0.2243499726181008
25.8,33.6458264410156,4.6251585974313265,0.9727540737570803,0.03544134467198105,33.857840661283234,5.582559874228424,33.741546789187545,4.736964539457262,0.9785433774912042,0.0416466249145416,0.21201422026763522,0.957401276797097,0.09572034817194666,0.11180594202593624
25.900000000000002,33.74304076150561,4.628605446974896,0.972102374479773,0.03355875734730345,33.86831616010619,4.812113719345175,34.05539871512159,4.565196312301,1.0319357527903819,0.0779353911035906,0.12527539860057604,0.18350827237027942,0.3123579536159764,-0.0634091346738953
26.0,33.84019626548245,4.631867089459676,0.971531025583146,0.031675187879405486,34.421209949474026,4.420439856815583,33.85968931872043,4.593050478374278,0.9338834047483674,0.030282975523114347,0.5810136839915805,-0.21142723264409252,0.019493053237976586,-0.038816611085398356
26.1,33.93730063441026,4.6349439176701015,0.9710400970214959,0.029790896123346452,33.582548727651634,3.8155331715478527,34.36518637531691,4.482241773233594,0.9811854711517717,0.03604078985835584,-0.35475190675862617,-0.8194107461222488,0.4278857409066492,-0.1527021444365081
26.200000000000003,34.03436155751663,4.637836305260874,0.9706296325336752,0.027906142003643976,33.994290567217945,4.393592262987767,34.88047219586407,4.812595336848339,0.8276642428188994,0.03666197699682967,-0.04007099029868781,-0.2442440422731081,0.8461106383474414,0.17475903158746497
26.3,34.13138672919728,4.640544606548594,0.970299649631804,0.026021185476948015,33.14799883101036,3.841697411462144,34.06028743606585,4.391146614909049,0.9217714476547434,0.013401215925118073,-0.9833878981869181,-0.7988471950864501,-0.07109929313143146,-0.24939799163954493
26.400000000000002,34.228383846417756,4.64306915634489,0.9700501395984832,0.024136286494710536,34.25947443761553,5.3974215264520975,34.04698462820945,4.631982059390043,0.8876504719256325,-0.008383888208326445,0.031090591197773687,0.7543523701072077,-0.18139921820830865,-0.011087096954846762
26.5,34.32536060611303,4.645410269831158,0.9698810674925091,0.02225170496585635,34.7320464230579,4.443218458182709,34.63889549325411,4.742098650890803,0.957669194691342,0.04602056664183403,0.40668581694487305,-0.2021918116484493,0.3135348871410834,0.09668838105964421
26.6,34.42232470258627,4.647568242474941,0.9697923721630892,0.020367700719459952,33.94334229471933,4.66246814553732,34.49436601921921,4.398801909261166,0.9641088123695184,0.03479561364692412,-0.47898240786694124,0.014899903062378789,0.07204131663293634,-0.24876633321377592
26.700000000000003,34.519283824907845,4.649543349987957,0.9697839662725525,0.018484533467435196,34.65029905564127,4.343399028522977,34.5314096418152,4.917649502039801,0.8424677475412972,0.0023189589659387694,0.13101523073342813,-0.30614432146498094,0.012125816907359463,0.2681061520518433
26.8,34.61624565431562,4.651335848325762,0.9698557363275476,0.016602462767240832,34.398116894021804,4.981330107504571,34.49031010156335,4.907984681759765,0.8787894323121009,0.03637185103551223,-0.21812876029381217,0.32999425917880887,-0.12593555275226812,0.2566488334340026
26.900000000000002,34.71321786161782,4.6529459737289445,0.9700075427187196,0.014721747984609212,34.38929359880097,5.316398425540646,34.858904224337714,4.61854280235724,1.027403232051312,-0.016910028222203825,-0.3239242628168503,0.663452451811701,0.14568636271989124,-0.03440317137170426
27.0,34.81020810459941,4.654373942805758,0.9702392197688509,0.012842648256303645,35.93442408771584,3.724192590439906,34.75067593836297,4.652090386968701,1.0436245419737258,0.05278625040242899,1.1242159831164302,-0.9301813523658518,-0.05953216623644677,-0.002283555837056646
27.1,34.90722402543321,4.65561995265601,0.970550575789451,0.010965422452907228,34.14594566400949,4.939034898223015,34.08259596863952,4.588609919638038,0.9191341005891087,0.015033456435732449,-0.7612783614237167,0.28341494556700453,-0.8246280567936929,-0.06701003301797198
27.200000000000003,35.0042732480968,4.656684181036032,0.970941393145779,0.009090329141652413,34.75704001740971,5.203671685511389,35.06119452573047,4.442962347091972,1.0245074832230219,0.08204115887640814,-0.24723323068709402,0.5469875044753568,0.05692127763367264,-0.21372183394405986
27.3,35.101363375796375,4.65756678656446,0.9714114283302727,0.007217626549292835,35.89884594235697,5.255549673377808,35.12906215636685,4.735279818256502,0.9580777843335864,-0.022834219531096,0.7974825665605931,0.5979828868133481,0.02769878057047659,0.07771303169204195
27.400000000000002,35.198501988398576,4.658267908968569,0.9719604120443659,0.005347572525025185,35.54234950082137,4.562494340968325,35.411304389834356,4.508438801875906,0.974833688927429,0.01680216328077356,0.3438475124227942,-0.0957735680002447,0.21280240143578183,-0.1498291070926631
27.5,35.29569663987148,4.658787669370823,0.9725880492886637,0.0034804245034663686,34.35913093270236,4.327505457360477,35.530118022619156,4.611926248660536,0.9779890728308863,0.013079302112453542,-0.9365657071691262,-0.33128221201034597,0.23442138274767954,-0.046861420710286775
27.6,35.39295485573574,4.659126170615277,0.9732940194614487,0.0016164394676890723,36.602285811346874,5.559113037683735,34.89406529358014,4.847043267513039,1.0853585659677674,0.0014240539381338284,1.2093309556111358,0.8999868670684585,-0.4988895621555956,0.1879170968977619
27.700000000000003,35.49028413052705,4.659283497633437,0.9740779764654838,-0.0002441260876757112,34.77996864549261,3.315653180235018,35.322612877518424,4.752587481814536,0.984798017019519,0.0470142094261779,-0.7103154850344399,-1.3436303173984185,-0.16767125300863106,0.09330398418109934
27.8,35.58769192527097,4.659259717849125,0.9749395488230788,-0.002101016193266244,36.79193299054347,4.885993596949234,35.54632836576524,4.980212001712969,0.9881619617816286,0.018336637960448907,1.2042410652725044,0.22673387910010973,-0.041363559505723915,0.32095228386384445
27.900000000000002,35.68518566497108,4.659054881621872,0.9758783397993839,-0.003953975441742318,36.641366854331565,5.050224869586189,35.591952348463145,4.61061165162475,0.9858935856777762,-0.005344235472414312,0.9561811893604827,0.3911699879643171,-0.09323331650793575,-0.04844322999712128
28.0,35.78277273611173,4.6586690227283185,0.976893927533867,-0.005802749024454615,35.48306047350993,5.329137140733349,35.90013852798629,4.499077217663393,0.9728979907432499,-0.023313308198662293,-0.29971226260180384,0.67046811800503,0.11736579187455917,-0.15959180506492593
28.1,35.88046048417618,4.658102158881062,0.9779858651799361,-0.007647082768029612,34.93323946735926,3.3404192102598267,35.833388938242905,4.327363653511615,1.0465324354183991,0.02019499286976925,-0.9472210168169268,-1.317682948621235,-0.04707154593327466,-0.33073850536944716
28.200000000000003,35.97825621118136,4.657354292284354,0.9791536810526587,-0.009486723170861001,35.188510462249994,4.5163352625758995,36.039159846009795,4.7176725173589,0.8874538231160631,0.04393304235316382,-0.7897457489313663,-0.1410190297084541,0.06090363482843617,0.06031822507454658
28.3,36.07616717323011,4.656425410226021,0.9803968787845307,-0.01132141743950476,35.86071270630274,5.048458567767829,35.78358149772565,4.696509254954468,1.1563672833669438,0.0025732467480392065,-0.2154544669273668,0.39203315754180845,-0.29258567550446474,0.04008384472844759
28.400000000000002,36.174200578082036,4.655315485704933,0.981714937489246,-0.013150913524972607,36.673813447733764,4.983546738160424,36.35401724493715,4.882311527115288,0.9319563731684671,-0.026760165384582618,0.49961286965172785,0.3282312524554907,0.1798166668551094,0.22699604141035468
28.5,36.272363582743886,4.654024478093321,0.9831073119334113,-0.014974960158916611,36.695135767146844,4.753647204859402,35.97989706474878,4.686914940900057,1.0362119444405762,0.009793174115727485,0.4227721844029555,0.09962272676608161,-0.2924665179951043,0.03289046280673595
28.6,36.37066329108041,4.652552333833198,0.9845734327161517,-0.01679330688970217,35.33077674068408,4.364568439442563,36.594281747785075,4.5835165388395955,1.0790015367195709,-0.03929392658729622,-1.0398865503963353,-0.28798389439063576,0.22361845670466,-0.0690357949936025
28.700000000000003,36.46910675144677,4.65089898716612,0.9861127064565487,-0.018605704118362754,36.91582745692229,4.351649469563655,36.30444087658365,4.453357841527353,1.025683499677959,0.04572503276355022,0.44672070547551,-0.29924951760246565,-0.16466587486312348,-0.19754114563876662
28.8,36.56770095434328,4.64906436089547,0.9877245159888499,-0.02041190313443122,36.132682499346856,4.347990024126972,36.36677899802829,4.574778815909452,0.7902137508724782,-0.02934575370837114,-0.43501845499642733,-0.3010743367684981,-0.20092195631499524,-0.07428554498601794
28.900000000000002,36.66645283009354,4.647048367180437,0.9894082205653867,-0.02221165615164392,37.19940077217894,5.3493436381930515,36.62490104638253,4.534609234599197,0.9663555174139226,-0.03574941702991763,0.5329479420854031,0.7022952710126142,-0.04155178371100549,-0.11243913258124026
29.0,36.765369246546825,4.644850908360817,0.9911631560671336,-0.02400471634351006,37.35256571576467,5.149736702522373,36.44202943960469,4.5220788068019795,0.9811897704414138,-0.017089203617934902,0.5871964692178405,0.5048857941615558,-0.3233398069421364,-0.12277210155883705
29.1,36.86445700680558,4.642471877811729,0.9929886352218437,-0.025790837878743693,36.57418679906407,4.521519629937784,36.74072688907689,4.780369900579306,1.0449089031716818,-0.07243991778212647,-0.2902702077415066,-0.12095224787394482,-0.12373011772869266,0.13789802276757684
29.200000000000003,36.96372284697894,4.6399111608273245,0.994883947829684,-0.027569775956551548,36.38973828722244,4.033273411155705,36.53732603557379,4.520410594282717,1.0414266760073143,-4.8171623725112855e-05,-0.5739845597564962,-0.6066377496716194,-0.42639681140515073,-0.11950056654460742
29.3,37.06317343396312,4.6371686355325314,0.9968483609963056,-0.029341286841772386,37.30911011076317,5.0321255648936845,36.61954671518196,4.692218935861238,1.0655278530353534,0.006568794013806115,0.24593667680004805,0.3949569293611534,-0.44362671878115806,0.055050300328705976
29.400000000000002,37.16281536324951,4.6342441738218385,0.9988811193732633,-0.031105127899862587,36.673121473751635,4.925384211450441,37.401069000580975,4.4906295499120805,1.013216973893856,-0.05605194086199093,-0.48969388949787507,0.2911400376286025,0.23825363733146726,-0.143614623909758
29.5,37.2626551567612,4.631137642324113,1.0009814454057158,-0.03286105763172293,37.147643962160984,4.790892312126846,37.443093298594235,4.727270601605851,1.0920222179834602,-0.01290388623415565,-0.11501119460021139,0.1597546698027327,0.18043814183303591,0.09613295928173865
29.6,37.36269926071893,4.6278489033924135,1.0031485395873203,-0.03460883570836168,36.69847065934196,3.798388056530385,37.91913892608622,4.66850572745594,1.0128398195428296,-0.04294792507548689,-0.6642286013769665,-0.8294608468620286,0.5564396653672953,0.04065682406352594
29.700000000000003,37.46295404353697,4.62437781611773,1.0053815807222404,-0.0363482230053888,37.55153495588253,5.12037786284135,37.44399744707695,4.680115161315776,1.0796448381570776,-0.05401037155694663,0.08858091234556534,0.49600004672362047,-0.01895659646001644,0.05573734519804575
29.8,37.563425793749936,4.620724237365565,1.0076797261941843,-0.038078981637336515,38.144483552046346,4.353204910772455,38.021779208331566,4.749218872094092,1.0784151657743553,-0.03265292213949388,0.5810577582964098,-0.2675193265931098,0.45835341458162887,0.12849463472852746
29.900000000000002,37.66412071797106,4.616888022834248,1.0100421122423828,-0.03980087499180113,38.09426572732949,4.87731870355298,38.02476535809222,5.079658664092713,1.0223790374126818,-0.06656946706253793,0.43014500935843136,0.2604306807187328,0.36064464012116,0.4627706412584651
30.0,37.76504493888274,4.61286902813385,1.0124678542444192,-0.041513667763401235,37.0899817815583,4.480034749272523,37.728366136481846,4.492418692062641,1.110364150161061,-0.06636151597559087,-0.6750631573244364,-0.132834278861327,-0.03667880240089199,-0.12045033607120936
30.1,37.866204493260014,4.608667109884545,1.0149560470058216,-0.04321712598754777,37.11676131745479,4.800670457983092,37.887157893032544,4.788567042945143,1.0766134009374855,0.009073452965012128,-0.7494431758052252,0.1920033480985468,0.020953399772527664,0.17989993306059834
30.200000000000003,37.96760533002765,4.604282126833249,1.0175057650563182,-0.044911017074019885,37.472657568390495,4.553393105928069,38.56880074530006,4.609140768435228,1.0278867945935657,-0.0773928233411336,-0.4949477616371536,-0.05088902090518033,0.6011954152724053,0.004858641601979102
30.3,38.069253308351406,4.599713940987352,1.0201160629526647,-0.046595109840343735,38.226730669485455,4.829349746225306,38.04468239285144,4.660625281457137,0.9755611004889546,-0.019914407738315196,0.15747736113405209,0.22963580523795335,-0.024570915499966504,0.06091134046978459
30.400000000000002,38.17115419576415,4.594962418764327,1.0227859755879454,-0.04826917454496746,37.038144792416425,4.7799647215711,38.476532991516734,4.206421118930789,1.0403121503063675,-0.01531734317379014,-1.1330094033477256,0.1850023028067732,0.30537879575258453,-0.3885412998335378
30.5,38.27331366632743,4.590027432155999,1.0255145185072414,-0.04993298292022867,37.96450671991319,4.2299491414333295,38.5354393379488,4.523725048261615,1.0744666026759537,-0.048453375820376815,-0.30880694641424133,-0.3600782907226693,0.2621256716213701,-0.06630238389438446
30.6,38.375737298828994,4.584908859906248,1.028300688229573,-0.05158630820510983,38.48878875228417,4.6450896765439955,39.103371982353444,4.421130210614972,0.9308926485373308,-0.07011974801712811,0.1130514534551763,0.06018081663774735,0.7276346835244513,-0.1637786492912759
30.700000000000003,38.478430575016866,4.5796065887008774,1.0311434625760056,-0.053228925177775305,37.29280517153822,5.036381127802456,38.75029672325829,4.349007526441912,0.9609794419240574,-0.0788021415144533,-1.1856254034786464,0.45677453910157834,0.2718661482414234,-0.2305990622589658
30.8,38.58139887787047,4.574120514368404,1.034041801003811,-0.054860610187887834,38.251896655788464,3.3594825969517528,38.68086845087259,4.653297776881387,1.0498270803479763,-0.04067948517751477,-0.32950222208200575,-1.214637917416651,0.09946957300211756,0.0791772625129838
30.900000000000002,38.684647489909274,4.568450543090481,1.0369946449465854,-0.05648114118869789,38.473577250113834,4.523648534045379,39.08526102119185,4.842162171259739,0.9828089897498732,-0.03612164239258206,-0.21107023979544287,-0.044802009045102044,0.4006135312825734,0.2737116281692579
31.0,38.78818159153949,4.562596592620695,1.0400009181602015,-0.05809029776890108,38.665926800943495,5.2172933928628185,38.90652149959729,4.415874518247132,1.1263846562889694,-0.02395528804943145,-0.1222547905959929,0.6546968002421235,0.118339908057797,-0.14672207437356274
31.1,38.8920062594392,4.556558593510416,1.0430595270744916,-0.05968786118426156,39.34363854278007,4.308815333567671,38.61068429218914,4.641383953903962,1.1489171378146588,-0.10794750236818042,0.45163228334086725,-0.2477432599427447,-0.281321967250055,0.08482536039354684
31.200000000000003,38.99612646498236,4.550336490340435,1.046169361150544,-0.06127361438899305,38.86346180843099,5.445637967545464,39.14138144487408,4.5065227694376,1.046542376838873,-0.02750552778035277,-0.1326646565513696,0.8953014772050293,0.1452549798917202,-0.04381372090283441
31.3,39.10054707270212,4.543930242957061,1.0493292932434972,-0.06284734206689674,38.19582276469941,4.420271835641395,39.45966075949599,4.027673237624764,1.0263957914057111,-0.057487947635025405,-0.9047243080027101,-0.12365840731566652,0.3591136867938717,-0.5162570053322963
31.400000000000002,39.205272838793746,4.537339827711384,1.0525381799707147,-0.0644088306622491,38.90611900741122,4.263098248239011,39.45332927463263,4.507855876357036,0.9306871860634747,-0.09229605705790878,-0.29915383138252616,-0.2742415794723735,0.24805643583888537,-0.029483951354348406
31.5,39.31030840965759,4.530565238700385,1.0557948620852204,-0.06595786841043558,40.04783435616505,4.959161226785431,39.52358157857167,4.489571976099867,0.9555996072763475,-0.04117718701245594,0.7375259465074602,0.42859598808504595,0.21327316891408266,-0.04099326260051801
31.6,39.415658320482336,4.523606489008586,1.0590981648542754,-0.06749424536832717,39.493310744424086,3.899456766161311,39.498680422732164,4.885874198666628,1.1279930893278598,-0.07264439721361347,0.07765242394175068,-0.6241497228472745,0.08302210224983103,0.3622677096580424
31.700000000000003,39.52132699386895,4.516463611948918,1.0624468984429691,-0.06901775344439333,39.58930828745958,5.29705262453036,39.461928924859045,4.573360559440646,1.09860337914423,-0.04321551792180274,0.06798129359062549,0.7805890125814418,-0.059398069009907004,0.05689694749172747
31.8,39.62731873849548,4.509136662301505,1.065839858302707,-0.07052818642854862,39.372821069302354,3.9541251143551728,39.37271023645713,4.613698375637944,1.2085077819186283,-0.1128047451102871,-0.25449766919312544,-0.5550115479463325,-0.25460850203834917,0.10456171333643943
31.900000000000002,39.73363774782304,4.501625717549035,1.069275825564463,-0.07202534002172839,39.842505559200895,4.133330616077326,39.54402163952655,4.425499122165738,1.0853266130056258,-0.047976374607906866,0.10886781137785291,-0.3682951014717089,-0.18961610829648873,-0.07612659538329677
32.0,39.840288098843196,4.493930879107423,1.0727535674366713,-0.07350901186518805,39.95819996307756,3.770383799735107,40.272746930794874,4.838409739173935,1.1558769539844154,-0.0638007157536041,0.11791186423436736,-0.7235470793723161,0.4324588319516808,0.34447886006651224
32.1,39.947273750867,4.486052273550454,1.0762718376076301,-0.074979001569524,40.463558653425125,4.254730870159714,39.842644155253886,4.293485094944749,1.1669183103366039,-0.08426566265517622,0.5162849025581236,-0.2313214033907402,-0.10462959561310847,-0.19256717860570444
32.2,40.05459854435576,4.477990053827107,1.0798293766522837,-0.0764351107434096,39.67381857463989,4.892876833585607,40.45210107582056,4.236657037487626,1.0852572821492397,-0.10671020918153433,-0.38077996971587136,0.41488677975849947,0.39750253146479597,-0.2413330163394817
32.300000000000004,40.162266199793834,4.469744400470265,1.0834249124432547,-0.07787714302204361,39.06524451741831,3.6640557479914806,40.203619636832755,4.312119645812048,1.1897151026557071,-0.037823310574878685,-1.0970216823755272,-0.805688652478785,0.04135343703892302,-0.15762475465821701
32.4,40.2702803166035,4.461315522795529,1.087057160565988,-0.07930490409530687,41.16026765056088,4.771126943433319,40.47535413053106,4.6307167355297905,0.9047343230286827,-0.10983143297854556,0.8899873339573855,0.3098114206377904,0.2050738139275592,0.16940121273426198
32.5,40.37864437210207,4.452703660088846,1.09072482473788,-0.0807182017356224,39.68292396522953,3.688009270414166,40.81176736016595,4.590088293470533,0.8990397993069158,-0.09076368339534621,-0.6957204068725454,-0.7646943896746805,0.4331229880638754,0.13738463338168683
32.6,40.48736172050141,4.443909082781714,1.094426597231248,-0.08211684582551547,40.03952600752791,3.83939668307178,40.36915196681129,4.540636591970388,1.2134630328497165,-0.04398601375003052,-0.4478357129735029,-0.6045123997099338,-0.11820975369012664,0.09672750918867505
32.7,40.596435591949756,4.43493209361266,1.0981611593000065,-0.08350064838486972,41.33314218728333,4.429801205287155,40.39203497830008,4.401632646274743,1.0140481375173456,-0.07900696089046037,0.7367065953335756,-0.0051308883255049564,-0.20440061364967646,-0.033299447337916475
32.800000000000004,40.70586909161612,4.425773028773799,1.1019271816099188,-0.08486942359787501,40.58208846868856,4.462598915526837,41.06734876778318,4.866946721084911,1.2321377312380002,-0.09219764689202781,-0.12378062292756528,0.03682588675303877,0.3614796761670574,0.44117369231111203
32.9,40.8156651988172,4.416432259041205,1.10572332467227,-0.08622298783966374,40.62716587767975,4.320455724980868,40.93006357019659,4.247510234136368,1.2345187185175222,-0.0501220514096437,-0.1884993211374506,-0.09597653406033686,0.11439837137938816,-0.16892202490483677
33.0,40.9258267661868,4.406910190887898,1.1095482392808351,-0.08756115970263142,40.66191029593334,4.111991679732091,41.26333113192248,4.5830569920443285,1.076786030652068,-0.09156335659926132,-0.2639164702534597,-0.29491851115580775,0.33750436573567305,0.17614680115643058
33.1,41.03635651888787,4.397207267578243,1.113400566951991,-0.08888376002243681,40.385553714272916,4.536487214025423,41.06052781322586,4.699436840790103,0.9947358694286434,-0.09559165019084252,-0.6508028046149581,0.13927994644718028,0.024171294337988647,0.30222957321185984
33.2,41.14725705386704,4.387323970242571,1.1172789403678356,-0.09019061190368019,41.15096478253918,4.069752942187622,40.91249695191349,4.527249214696005,1.1378789384372112,-0.06291302432878218,0.00370772867213659,-0.3175710280549486,-0.234760101953551,0.139925244453434
33.300000000000004,41.25853083915168,4.3772608189308695,1.1211819838221657,-0.0914815407452537,41.64268341034803,4.810034903661245,41.347638330559334,4.511439831644377,1.2370720428827218,-0.08887085829337088,0.38415257119634744,0.4327740847303754,0.08910749140765482,0.13417901271350677
33.4,41.37018021318946,4.367018373644383,1.1251083136691724,-0.09275637426536129,41.84173918489559,3.317520227634131,41.161851331663186,4.206421699057109,1.1099058863683446,-0.11498347958642802,0.4715589717061291,-1.0494981460102517,-0.20832888152626888,-0.160596674587274
33.5,41.482207384230236,4.356597235344003,1.1290565387747091,-0.09401494252620474,42.243029420177066,4.529374503206165,41.84522495496393,4.5043588133088495,1.2834450674691538,-0.1083515561826557,0.7608220359468291,0.17277726786216246,0.3630175707336977,0.147761577964847
33.6,41.59461442975033,4.345998046934344,1.1330252609699811,-0.0952570779583316,41.97356210685907,4.817515315518575,41.54904319083976,4.077947662280504,1.136201028853829,-0.13900110088077341,0.3789476771087387,0.4715172685842306,-0.04557123891057044,-0.2680503846538403
33.7,41.70740329591897,4.335221494222416,1.137013075507515,-0.09648261538464173,42.212064993634925,4.1930328986118095,41.74535830552405,4.242960249883906,1.150776027192658,-0.05202791024858962,0.5046616977159513,-0.14218859561060632,0.03795500960507532,-0.09226124433850967
33.800000000000004,41.8205757971069,4.3242683068498335,1.1410185715192573,-0.09769139204404947,40.82723581008721,3.366492180883866,41.88093783042438,4.132408306557956,1.0744769720876104,-0.14237102577865224,-0.9933399870196846,-0.9577761259659672,0.06036203331748151,-0.19186000029187764
33.9,41.934133615436906,4.313139259197528,1.1450403324766552,-0.09888324761479769,42.03995256856002,4.0372962455522385,42.088827319664674,4.426612762900196,1.0579208093330332,-0.06973012392112904,0.10581895312311082,-0.2758430136452896,0.15469370422776457,0.11347350370266757
34.0,42.048078300376254,4.301835171261943,1.1490769366525695,-0.10005802423742009,42.32481830018267,4.150210643562708,42.384536516738386,4.2383856329812275,1.1114907563766065,-0.09518358607429421,0.27673999980641734,-0.15162452769923485,0.336458216362131,-0.06344953828071498
34.1,42.16241126837076,4.290356909501734,1.1531269575848668,-0.10121556653734848,42.028773066692544,4.356276845863716,42.507036832867165,4.548376655548475,1.1517817139822446,-0.0468920478408086,-0.13363820167821552,0.06591993636198142,0.34462556449640125,0.25801974604674127
34.2,42.277133802520424,4.278705387654004,1.157188964541551,-0.10235572164716288,41.75307805545998,3.6998131857255014,42.0310268166536,4.0990797353404425,1.205839135496289,-0.09956580595164133,-0.5240557470604418,-0.5788922019285032,-0.24610698586682336,-0.17962565231356226
34.300000000000004,42.3922470522964,4.266881567519141,1.1612615229872671,-0.10347833922847938,42.1804318847219,2.998272796323275,42.552207268157545,4.444663524820341,1.0248803313915857,-0.08450229884776347,-0.2118151675744962,-1.268608771195866,0.15996021586114842,0.17778195730120083
34.4,42.5077520332991,4.254886459713357,1.1653431950510442,-0.10458327149347414,42.10168941035247,3.4117401124150875,42.46578324467636,3.515696992906414,1.312020323015491,-0.06321961899121921,-0.4060626229466281,-0.8431463472982696,-0.04196878862273817,-0.739189466806943
34.5,42.6236496270573,4.242721124388053,1.1694325399951113,-0.10567037322603996,42.58290057100805,4.905335494546205,42.48245126646455,3.9724947481007917,1.136491626175935,-0.08371886942878849,-0.040749056049250304,0.6626143701581519,-0.14119836059274632,-0.2702263762872615
34.6,42.73994058086794,4.230386671915149,1.1735281146846408,-0.106739501802572,41.56278321460337,3.9472184590619634,42.563570813742196,4.166854268573958,1.1543297933484986,-0.13543944754385445,-1.1771573662645693,-0.2831682128531853,-0.17636976712574157,-0.06353240334119067
34.7,42.85662550767647,4.21788426353757,1.1776284740582692,-0.1077905172123799,42.301355553316476,3.8144511472013574,43.31617990069506,4.048025184437379,1.2314699134726232,-0.1315221198891124,-0.5552699543599903,-0.403433116336213,0.459554393018596,-0.16985907910019069
34.800000000000004,42.97370488599752,4.205215111984112,1.1817321715992348,-0.10882328207772375,41.91828203566761,2.703236834701985,43.25964697607256,4.710050272430674,1.0604814577103474,-0.11780925286828245,-1.0554228503299106,-1.5019782772821269,0.2859420900750396,0.5048351604465631
34.9,43.09117905987556,4.192380482047907,1.1858377598069905,-0.10983766167347073,42.48394407785131,3.4229151253286396,43.146562160668594,4.0501212432324145,1.1651951081930936,-0.1117914911643135,-0.6072349820242446,-0.7694653567192677,0.05538310079303555,-0.14225923881549293
35.0,43.20904823888541,4.179381691127793,1.189943790669128,-0.11083352394636914,42.687293290322174,4.547015350367212,43.15269968202506,4.17613842615379,1.201300557499067,-0.08650050997875505,-0.5217549485632347,0.3676336592394188,-0.056348556860349945,-0.0032432649740020345
35.1,43.327312498172304,4.166220109731867,1.1940488161334661,-0.1118107395339376,43.37030934702686,4.900666735269943,43.3530714786117,4.090210984864629,1.1063212041455297,-0.11973998078866183,0.042996848854554515,0.7344466255380757,0.025758980439401613,-0.07600912486723835
35.2,43.445971778531245,4.152897161942604,1.198151388580153,-0.11276918178296708,42.9226083071948,4.045396647515871,43.97901351046067,4.070042919939202,1.3642682289305408,-0.0728669317846494,-0.5233634713364422,-0.10750051442673195,0.5330417319294234,-0.08285424200340133
35.300000000000004,43.565025886525355,4.13941432584287,1.2022500612936204,-0.11370872676763172,42.555087079528555,4.457302892630799,43.303177946308594,3.9431268118762217,1.1534569599296485,-0.11717362645972507,-1.009938806996798,0.31788856678792893,-0.26184794021676344,-0.19628751396664856
35.4,43.68447449464301,4.1257731339022925,1.2063433889342472,-0.11462925330720722,43.31943832389928,3.6401130609687433,43.82196493319943,3.9162476301381632,1.1575052143358109,-0.0915206122461165,-0.36503617074373407,-0.48566007293354935,0.13749043855642187,-0.20952550376412918
35.5,43.80431714149344,4.111975173323384,1.2104299280095694,-0.11553064298339423,43.325393481760194,3.9487575473634657,43.640906519014564,3.8308253371064827,1.2251757411052595,-0.1221177116174046,-0.47892365973324935,-0.1632176259599184,-0.16341062247888155,-0.2811498362169015
35.6,43.9245532320405,4.098022086346942,1.2145082373448939,-0.1164127801572422,44.675587913598136,4.592760108389499,43.93834241635607,4.122040085820296,1.2399742466814954,-0.09940950395973397,0.7510346815576368,0.4947380220425571,0.013789184315572252,0.024017999473353462
35.7,44.04518203787436,4.083915570516213,1.218576878553153,-0.11727555198567435,44.1043008527681,3.6004377714447715,44.33070175472651,4.261605418190133,1.1769242404071392,-0.1358471376371389,0.05911881489373358,-0.4834777990714414,0.2855197168521494,0.17768984767391904
35.800000000000004,44.16620269752081,4.0696573788993895,1.2226344165038585,-0.11811884843760931,44.675624885056386,3.4604243082996824,44.037466676409146,4.1029710600496125,1.2727588042795577,-0.10848422695196053,0.5094221875355761,-0.6092330705997073,-0.12873602111166388,0.03331368115022313
35.9,44.287614216787844,4.055249320270024,1.2266794197909918,-0.11894256230967709,44.49154263918366,3.7635280865944694,44.50666530970534,4.1274559810571745,1.2321171433433968,-0.09546352279861076,0.20392842239582254,-0.29172123367555414,0.21905109291749586,0.07220666078715052
36.0,44.409415469149316,4.040693259244982,1.2307104611996889,-0.11974658924152859,45.05565851966615,4.79909082400265,44.01905681532033,4.108203047364226,1.2294265272823464,-0.11796108197703656,0.6462430505168358,0.758397564757668,-0.3903586538289804,0.06750978811924435
36.1,44.53160519616525,4.025991116379609,1.2347261181715614,-0.12053082773073463,45.222500917866675,3.3620823585195927,44.47472282814322,4.207646808389241,1.2813059534045093,-0.1443305548699186,0.690895721701422,-0.6639087578600165,-0.05688236802202742,0.18165569200963189
36.2,44.65418200793864,4.011144868219797,1.2387249732685057,-0.12129517914727406,44.94348724431085,3.024890015603538,44.42928101311866,3.881204119196029,1.311387696581262,-0.06587515768905725,0.28930523637221817,-0.9862548526162589,-0.22490099481997453,-0.12994074902376818
36.300000000000004,44.77714438360825,3.996156547310698,1.2427056146348525,-0.12203954774760713,45.678269262152085,4.460646848188282,44.442251974677866,3.888539994035156,1.1563528046107219,-0.12689170350471363,0.9011248785438353,0.46449030087758403,-0.3348924089303887,-0.10761655327554195
36.4,44.90049067187739,3.9810282421618575,1.2466666364577002,-0.12276384068833382,45.14242425611257,4.229373180847557,45.07891475658204,4.748253473882697,1.313866761158893,-0.16304066274859047,0.24193358423517766,0.24834493868570007,0.17842408470464394,0.7672252317208395
36.5,45.02421909157801,3.9657620971685796,1.25060663942529,-0.12346796803943419,45.23245595092506,3.856901426273093,45.38628704566729,4.073027319657653,1.3759561176194341,-0.0909716253648383,0.20823685934704672,-0.10886067089548676,0.3620679540892738,0.10726522248907358
36.6,45.14832773227012,3.9503603124893787,1.2545242311832705,-0.1241518427970884,45.00848994994148,3.5560960071634877,45.322038941829895,3.7779204446138306,1.4181808103796028,-0.08428824460738071,-0.13983778232864133,-0.3942643053258912,0.17371120955977964,-0.1724398678755482
36.7,45.27281455487604,3.9348251438794004,1.258418026788702,-0.12481538089607579,45.9882916507701,4.054085712611795,45.31292515187006,3.9346920243162864,1.3175410952212374,-0.12703001202883218,0.7154770958940613,0.11926056873239504,0.04011059699402166,-0.00013311956311401127
36.800000000000004,45.39767739234931,3.919158902479747,1.262286649161661,-0.12545850122175065,44.863981544859456,4.220790486535308,45.65300760835753,4.224864875170902,1.1235897678345266,-0.1569012093518916,-0.533695847489855,0.3016315840555609,0.2553302160082172,0.305705972691155
36.9,45.52291395037776,3.903363954562665,1.2661287295342858,-0.12608112562159232,46.19577678897608,3.5435448373953005,44.943811117905796,3.7804814131296567,1.1805836561360312,-0.13530635927043347,0.6728628385983217,-0.3598191171673646,-0.579102832471964,-0.12288254143300831
37.0,45.648521808120705,3.887442721232606,1.269942907897135,-0.1266831789163292,45.25008848386908,4.521289112474287,45.27293264016463,3.910063597727398,1.3036870617561465,-0.1226860193802169,-0.3984333242516245,0.6338463912416805,-0.3755891679560721,0.022620876494791914
37.1,45.77449841897969,3.871397678083196,1.2737278334426942,-0.12726458891063402,45.06803889942244,4.209712687100556,45.74978323093627,4.264471738592288,1.2222874858258255,-0.1192464781681372,-0.7064595195572474,0.33831500901735956,-0.024715188043417075,0.3930740605090925
37.2,45.90084111140271,3.8552313548101944,1.277482165005904,-0.12782528640338933,45.55745073566872,4.2667819023490505,45.5669923351447,3.890976441982035,1.2734744859180858,-0.15420813212921633,-0.34339037573398823,0.4115505475388563,-0.3338487762580137,0.035745087171840745
37.300000000000004,46.02754708972148,3.838946334780568,1.2812045715015579,-0.12836520519752168,45.34670538265374,3.8123174884964155,45.33399068655379,3.815756422768695,1.2347547124639207,-0.12000011418940705,-0.6808417070677392,-0.026628846284152574,-0.6935564031676932,-0.02318991201187287
37.4,46.15461343502145,3.822545254557822,1.2848937323584286,-0.12888428210940298,45.71269785682687,3.3197393273942644,46.066758025381226,3.8759398243210614,1.3266300800818505,-0.13203486573318518,-0.4419155781945846,-0.5028059271635575,-0.0878554096402262,0.05339456976323978
37.5,46.282037106044385,3.80603080338379,1.2885483379499882,-0.1293824569778179,46.031492006241585,2.8978013416400685,45.75761515182447,3.7883148991899294,1.3661990184272936,-0.12735687502799486,-0.25054509980279643,-0.9082294617437214,-0.5244219542199162,-0.0177159041938606
37.6,46.40981494012306,3.7894057226171163,1.2921670900215718,-0.12985967267249543,47.06785611640538,3.873905721337347,46.57614496393678,4.325171529594687,1.316558076976393,-0.16569332482114274,0.6580411762823147,0.0844999987202307,0.16633002381371575,0.5357658069775713
37.7,46.53794365414796,3.7726728051286895,1.295748702113857,-0.13031587510220446,46.29758744615358,3.8772549385526927,46.00894855099424,4.060277612497821,1.3576899195622985,-0.12976796716547753,-0.24035620799438007,0.10458213342400319,-0.5289951031537188,0.2876048073691314
37.800000000000004,46.66641984556549,3.7558348946543396,1.2992918999825154,-0.13075101322241076,46.5351039174309,3.2764278219573235,46.79564916988991,3.384476856433831,1.2824096535955039,-0.1266865754309574,-0.13131592813459178,-0.4794070726970161,0.1292293243244172,-0.3713580382205087
37.9,46.79523999340765,3.738894885105138,1.3027954220139024,-0.13116503904249582,46.836202319552086,3.8127154676767425,47.00593965048667,3.6905029418573836,1.3668994147295646,-0.18596112772810777,0.04096232614443476,0.07382058257160468,0.2106996570790176,-0.04839194324775403
38.0,46.924400459352626,3.721855719835678,1.3062580196366524,-0.13155790763253525,47.2771499312972,4.809655061274187,46.575098035813966,4.236822410407127,1.2115460560645805,-0.15309692241612038,0.35274947194457873,1.0877993414385094,-0.34930242353865715,0.5149666905714495
38.1,47.0538974888163,3.704720390870754,1.309678457729037,-0.13192957712963646,47.09518651963995,3.878367114972985,46.971142691274984,4.085846253954654,1.2313407335408488,-0.1140037681651361,0.04128903082365204,0.173646724102231,-0.0827547975413144,0.3811258630839002
38.2,47.18372721207413,3.6874919380908837,1.3130555150219696,-0.13228000874383436,47.691051031885294,4.040173831014227,47.184377591139636,3.9546080291310615,1.3306738476628832,-0.17699185173708204,0.5073238198111589,0.352681892923343,0.0006503790655045527,0.2671160910401778
38.300000000000004,47.3138856454134,3.6701734483771653,1.3163879844975106,-0.1326091667635446,47.722288517847424,4.378316645168184,46.71769389332338,3.307756596734207,1.4069147870486514,-0.12647921798058578,0.40840287243402573,0.7081431967910184,-0.5961917520900191,-0.3624168516429584
38.400000000000006,47.444368692315265,3.652768054715987,1.3196746737827532,-0.13291701856057317,48.12414854004125,2.8471411790493466,47.01832505748364,3.4306267588050154,1.2992180018051223,-0.1206117497354475,0.6797798477259831,-0.80562687566664,-0.42604363483162033,-0.2221412959109715
38.5,47.57517214466663,3.635278935264143,1.3229144055389592,-0.13320353459468187,48.06597330381448,4.108671591134558,47.14279829754456,3.720121201286792,1.33948050975953,-0.12333400309074105,0.49080115914784816,0.4733926558704157,-0.4323738471220723,0.08484226602264894
38.6,47.70629168400138,3.6177093123749526,1.3261060178458182,-0.13346868841770898,47.28232618229778,3.2212995881156745,47.95175544537358,3.2127587932627897,1.316396994420414,-0.13297595381042102,-0.4239655017035995,-0.396409724259278,0.24546376137219955,-0.4049505191121628
38.7,47.83772288277079,3.6000624515859956,1.3292483645807058,-0.1337124566772444,48.216120157963914,3.9052479132783184,47.73837759190365,3.185526060382441,1.342072903779967,-0.15356209123727793,0.37839727519312444,0.3051854616923228,-0.09934529086714436,-0.4145363912035546
38.800000000000004,47.969461205642844,3.5823416605691265,1.3323403157928206,-0.13393481911985897,48.402101292814265,3.0371885946660115,48.36587908168481,3.832043439211809,1.3275698180036917,-0.0991842721717832,0.43264008717142466,-0.545153065903115,0.396417876041963,0.24970177864268234
38.900000000000006,48.10150201083019,3.564550288043459,1.3353807580720727,-0.1341357585938872,48.58425990004545,2.7090831841099403,48.3237753584605,3.8935524795286263,1.3570799969918577,-0.1676782948810281,0.48275788921526236,-0.8554671039335189,0.2222733476303153,0.3290021914851672
39.0,48.233840551446484,3.546691722652033,1.3383685949126123,-0.13431526105176336,49.035622790938255,2.9436190345452644,47.6589725471353,3.4034527311694367,1.2491991759813832,-0.10955023502895636,0.8017822394917709,-0.6030726881067687,-0.5748680043111859,-0.14323899148259633
39.1,48.36647197689091,3.528769391802924,1.341302747070872,-0.1344733155519103,48.731681554744036,3.105954979994611,48.02398732094831,3.602762832529719,1.4587290155805595,-0.11704227479179792,0.36520957785312747,-0.42281441180831314,-0.34248465594259797,0.07399344072679521
39.2,48.499391334260494,3.5107867604755767,1.3441821529180127,-0.1346099142601808,48.52509166180649,3.8056270675972663,48.92334934568994,3.560327350723134,1.2596013645737165,-0.10534045306848724,0.025700327545999282,0.2948403071216895,0.4239580114294509,0.049540590247557276
39.300000000000004,48.632593569790174,3.492747329993173,1.347005768786658,-0.1347250524508513,49.654394227820156,3.78814477523152,49.09531371908318,4.258926795948645,1.3571990324412122,-0.1675126834274166,1.0218006580299805,0.2953974452383471,0.46272014929300664,0.7661794659554725
39.400000000000006,48.76607353032015,3.4746546367618807,1.3497725693118003,-0.13481872850716817,49.803887732759854,4.257516100631038,49.12323774997393,3.9073745168810508,1.2897937607020227,-0.15289413126031276,1.0378142024397028,0.7828614638691572,0.35716421965378237,0.4327198801191702
39.5,48.89982596479044,3.4565122509778545,1.3524815477657761,-0.13489094392144546,49.404099965474884,3.0750833077766684,49.09590424228094,3.183046315399227,1.4737019416406238,-0.11275504767168028,0.5042740006844495,-0.38142894320118614,0.19607827749049764,-0.2734659355786274
39.6,49.033845525762295,3.4383237753028855,1.3551317163871932,-0.13494170329471558,48.52289403660885,3.113684642103071,48.579649300831534,3.174978861984429,1.2734658772572927,-0.13559772133836007,-0.5109514891534467,-0.32463913319981447,-0.45419622493076073,-0.26334491331845644
39.7,49.16812677096629,3.4200928435096314,1.3577221067037077,-0.1349710143359314,49.04918229514202,3.3694036168351404,48.745659836222295,2.8689554196098284,1.3080692925944857,-0.14906015450219892,-0.11894447582427473,-0.05068922667449097,-0.42246693474399344,-0.5511374238998029
39.800000000000004,49.30266416487675,3.40182311909738,1.3602517698485495,-0.1349788878607212,49.26106056993711,3.889575995830357,49.08557800982862,3.5311038136127197,1.2188293921480748,-0.1473533127813418,-0.041603594939645994,0.4877528767329768,-0.21708615504812778,0.12928069451533944
39.900000000000006,49.43745208031244,3.383518293879323,1.362719776870683,-0.13496533778969594,49.63832633099585,3.072622600735322,49.813839752649166,3.2958466351644553,1.3194824884206826,-0.13215255572639753,0.20087425068340953,-0.310895693144001,0.37638767233672593,-0.08767165871486779
